-0.5668694481850136;0.16378127549645669
-0.5346449678910763;1.080411850801526
-0.09598938799624701;-0.041413749486600704
-0.31575896396534625;0.04891997300351947
1.0287545094022466;1.797528324134092
0.035349908224158844;2.2998075985869613
0.5509968139847277;0.7805085034755538
0.9921845152759406;-0.38825139270575637
-0.2022339825700168;1.03331813983122
-1.3085252151881668;0.3696532041415759
-0.15008169343771538;-0.04292315524167872
-2.7778586517361266;-0.6067448407266562
-0.41822759853840485;-1.2743675203914298
1.620045899111144;-0.5560315390725571
-0.3875828241293895;-1.6524031003364574
-0.2025976318757613;-1.2964732996176356
0.7835579360888606;-0.2320039281022387
1.1623154654811403;3.0639953102966517
0.8198115997343818;0.12336483280853983
-2.1266040075349055;1.517670327560661
0.34116435390689914;1.9091914027438
-0.18368064637738002;-3.34508146046812
-0.25222715284980585;-2.432980157652987
-0.35579652240328086;1.7266760707554156
3.476381405525352;-0.35615651525116526
0.0685369649400912;-1.1241736295318032
-1.4280464905894035;0.48534762500226813
1.7181718557974648;-0.8328735442625117
-0.8646352541966107;0.46901589131189775
1.1447288966987128;0.9171525767317599
1.1873932525020867;-0.4250779270685877
-0.22377332196749972;0.16555281999483573
1.39577717030659;0.745367026767346
-0.4975847518545729;1.659043513004852
-1.9517418816912229;2.5716712305646263
0.09855140521568506;-1.4468065914749773
-0.47715256154112307;-0.7450289702841999
-2.0258377456098255;-2.107585484831133
-1.3105312979935857;0.6310049729517543
-0.8104785387908621;-0.5097310534366527
1.8372889100822485;-0.6587388814242571
-1.385215128260333;-1.1077514208469226
-1.043484748438196;-0.04763033392656051
-0.8340426333219058;1.217886059123602
-2.479019773002403;2.641584273288193
0.40780830242803506;-1.191860843915213
0.5752748621501749;1.2255826391373674
-1.093879760745897;2.2083801523075994
-1.797163689089;-0.4111123390608219
-0.05053453961646226;-0.6015178815313186
-1.1916579285531372;0.6905813603467814
-1.5425413777437214;-1.6508025836405
-1.6674035998705259;-1.1680510543641613
1.3974445734633916;-0.6353037867722001
-0.3461556341153275;0.4651570756357508
0.6673153633555948;-1.4861658488824074
0.6335172377634458;-1.25011670641056
-0.45020753874956415;-0.491358457193981
-0.637680941083375;-1.1957591230882354
-0.5726881512622627;0.5871757838921496
-0.6582641887459642;2.5146275816314123
-0.3418212908654392;0.31552185739255073
1.7980286960024667;3.024346343287094
1.3803456026551009;-0.14979152424147524
0.13100663869582502;-0.5132829808176054
-0.37057765204161197;-0.9854536713678369
1.0068890700704871;-1.207347963125287
-0.0013855698660532045;1.9488759011873344
-1.1388792767543274;-0.8990344510350474
-1.0730062672248277;-0.34997167292663217
-0.7357350489527748;-0.7151661126873908
-0.5172523461664688;-0.3032747127388471
0.08359348588288963;-0.55970897552946
-0.11135217834941036;1.7774813402046812
-0.25575383726544965;-1.7644631085770501
0.8924350929881478;0.7626769737276804
0.43136535991721114;-0.597452296532703
-1.2440273353267828;0.25848739336305643
-0.9678647434608476;0.7681614549627458
-2.105798824026558;0.27324347368906726
0.4293862325559379;-0.846040925256463
0.1564875940007191;0.5428701794906479
-1.293033561487165;1.0084235786919264
-0.7573884066295639;-0.5029122410247394
-1.2421545034292727;-1.323631053281826
1.8559804682712673;0.7763326708996677
-0.8400270400206891;0.46726475865911843
-0.8200543739976324;3.4987195514179854
-0.694688149168645;-0.9418015405178104
-1.9878217536948117;-0.5780191440922905
0.15202742267776392;0.8460593374975236
0.7148036782611105;0.2578290462536643
2.4107503177902614;1.0423912098339918
-0.9130352502143937;0.3710151304648738
1.8443197413942745;-0.6489678881519926
-0.17643130561723824;1.3888102809803984
1.3879790697998935;-2.067065260864675
-0.9464865365236461;0.14051076277379226
-1.0344765983594897;1.4406005474766548
1.9247626332460706;0.31388170505665386
-0.07740600160759414;-0.35825344504529844
-1.869834476898981;-1.6758746122402415
0.4308717573298698;0.06253561465559188
-1.5040847785383036;-1.016973705415741
1.4945059719490557;-0.048081488431637176
0.7420324572582758;0.09723278151407133
-0.9229532694524207;-0.6051872069257821
-1.1823524364370288;-0.587246937053386
0.01564177859733451;-0.23828612628921853
-3.050222702799015;0.8034305940450998
0.5624233408769106;-0.24658395599574817
-0.6961372734511404;1.1322412678764149
0.8344194199627405;-0.5355936474776182
0.7616989590121455;0.29905689761598236
-0.016290607004887603;-0.35838453626873307
-1.0314996262678815;2.1111178031232605
0.7882816845629175;1.2668604415739004
-1.3733651814316563;-0.9480569168618864
-0.26026849287737724;-0.0020128515431878657
1.892503150683461;-0.39635473208430366
-0.07562670240493319;-1.154116712252264
-0.8634812021078717;-2.065901397787714
-1.442492424052181;-0.013323623032809956
-0.3943716473165414;0.9556937004257212
-1.0837911795425783;1.425223624128238
0.9077506127910351;-1.0308193438766793
-1.374475677149239;0.155472932349138
1.2066417906800262;-1.334065600109577
-0.7145641112890595;-0.085673494569522
0.4120301411782188;1.0596636424584278
1.3047565999813813;2.317591246089484
0.8496722344698028;1.9215309086194212
-1.372994919844604;-0.39183016489291944
0.432614824574742;-1.1551793315491512
-0.6876202229417182;-1.9368517874477038
-1.042944681571327;0.2596855476467147
0.3109795176353318;0.4412767784366366
-1.6038875870260285;-0.7443213715432713
1.2333721800607478;0.07465012192554643
-1.4739656447546445;-0.09093669817988148
1.3633967773639235;-1.0393601919815751
1.2710357579335327;0.2295626831865226
-1.3209211401871404;0.4306073637540001
-0.47307762249649987;1.1282422495709068
-1.2578498427039946;-0.5915571915069697
0.26035182366797793;2.1062878231807374
0.7389815211161811;0.11866266490377064
-0.2840134452595856;-0.18313139130514522
-1.4588653248386918;0.055343249118351756
0.9041538133297904;-0.49475016007390504
-0.18670097195802715;-1.6697461578581363
-0.28099601573462346;1.1812942506494395
-0.34514616705361134;-0.10560184848962817
-1.5369615785550046;1.1197825721182737
3.3218490981643085;-1.9358585920671891
0.5469435024200415;0.20651755228968305
-0.7104711981064376;1.3805497594604648
-0.3806494175613045;-3.073027721769722
1.9176715729127698;-0.11358798320194491
0.5209954288665198;-0.2880741473889641
-0.7886535117259541;2.388476577547989
-1.074733682110018;1.1038733579584614
-0.6621573462251958;-0.7433242138892044
-3.182516429327518;1.1750003289695594
0.7729516022441429;0.608637987867919
0.22000569453977872;2.440228473494788
0.1349160769426066;1.0273802421233227
-1.523783998271861;-0.7299433172692824
-1.8926735308758298;-1.962888715615129
-0.38722233666348427;0.16866304033444451
1.7209386537273215;-0.4497439252618126
0.018270947495893086;-0.3183396793185005
2.587557440663517;-1.1272644841949064
-0.4509200760483259;-2.3135447330724643
-1.1294733314528802;0.14509859760935662
-1.2706345649797643;1.0733522183496012
1.1919013238158254;0.5880141868311793
0.7738426755498201;1.1077447404195326
-1.0840415042983818;-0.3655037033761147
0.2360748514277794;-0.5738790341547885
-1.0628420225625774;1.0663695593413687
0.09213587149923619;0.7493709887488151
2.2564340649066166;0.010936936651822382
-0.15168707336533793;-0.7113309741980927
-0.941695481630203;0.958442884632584
-0.17431740123726847;2.6069744492444933
0.08039336114650375;0.7281252419551986
3.6083837919819435;0.009805178078072511
-1.0684451680719138;1.7952326863656416
0.0037040966068390135;-1.364640644862509
0.3416536279722846;0.92661994184958
0.6127002516634876;-2.31648266462843
-0.24295932434479373;1.9558543357011913
0.7060737839468669;0.13199104418091856
-0.500095168477858;1.7338696650204133
2.083175904393331;0.17445916050040233
1.1628899060822562;1.3515197367678902
0.042698819259554655;0.6344218988599218
1.7849311024732448;0.8869480278212734
1.2359156315906346;-0.1701403033700436
-1.1426219307721623;2.290441042871361
-0.6025819359904518;-1.0097197709315269
-0.4373367612193592;-0.03586594892888406
-1.7129560797713292;0.4211298675388738
-1.9127412900801142;-1.3828283089300077
-0.1302708209075114;0.5602334343810826
-0.30645129482615363;2.4834490338806647
0.9247426506386195;0.996295462993884
0.9353765151504476;0.9678881384731924
-0.3964624150107159;1.1266344353718858
-0.05002497939820172;-2.15441479210891
-0.5958809765260439;-2.11248794478393
-1.0510258849340945;-0.5238972813437621
-1.6084143719832797;0.5988630188902603
-0.6100705300249781;0.3045654629340564
0.5656180845545564;-1.1560406157284024
-1.9225249271160854;0.3851837060189005
-0.2071869453227667;1.9122360415663704
1.86743317525529;0.16167947621426165
0.14355320063805377;0.2276857881459844
0.4188771783928865;-1.0257110614246296
-2.0013316362156255;-0.2363516285896997
-0.6554789045670831;-0.34239957365306095
-0.8165598654023067;0.7721332495715654
-2.3139998981147314;-3.298052778199055
1.1544105774196527;0.5228059903853972
-1.232913840517092;1.370302459937995
1.484951731217493;0.6341075559218883
-0.9047544085598581;-1.0143648756430639
0.9389756986197901;-1.8871164365527247
-0.7880120975620772;-1.2366293163029276
-0.8852722737470828;-1.199935041216276
-0.9450272782728326;-0.9836204891238867
1.4746661682413347;1.4873911022048971
1.5088717465719732;0.003402422799746674
2.6873099672861094;-1.3094120231708888
-0.9317487240277319;-0.28093574711850233
0.9882915531857686;-0.053351410946589795
1.5008807331760337;0.458445889711382
0.5647064867111772;-0.4154352990827885
0.6728506133687172;-0.6187448384618655
0.8990016438877121;0.7377219241953021
1.4137132655399367;-0.21239393854683375
1.1429949367673906;0.1393405283114756
0.5017278797140353;-1.834831447827662
-1.6805899052191147;0.80175657536816
-1.1420974918386555;1.07647911297216
-0.4339024308081456;0.07101345953151361
-0.45764920543666865;1.9300573193060253
0.2867426528944417;-0.28233508182857836
1.8311208122092448;1.1859516523592686
1.1579360478448488;-2.1864614914059803
1.3455865081608884;0.7036201156851003
-1.3549228607360044;0.18180392325854455
0.8792177403660995;0.38616632102980475
0.3186178708415601;-1.4311502813590382
1.2794244010931362;-0.9372360828616437
1.6594588928349499;0.5924343044398017
-1.5312048764882429;0.48722446274333986
0.16777153943932777;-0.7337555425164312
1.5848966202979509;-0.5630122872549363
0.054215218588516634;-0.03965121606568489
-0.2967166257953176;-2.050506032742458
-1.5763111240410064;-1.6398781570014624
-0.6857946979517329;-1.197461141622685
-1.4114179740577568;1.710513085845149
-1.691061185293718;0.537168342914219
2.2792664556075426;-1.6628033956676782
0.12379905624888576;-0.7416444450100445
0.14607985796368728;-1.1015721130071228
1.8736270040039664;0.21805447280332446
0.8603508051696726;-0.7154410182405108
1.2238011075117878;-0.8334115159217304
0.2189668107615253;0.41059146662155066
-0.07304253988813558;-0.21441213961982739
-1.0976272301229122;-0.5452803929265042
0.2411797012454508;1.9137302002257786
0.31446317517781197;0.7054048468747276
-0.3765288144560938;-2.2055319990118964
2.0395292015784503;1.12887475630238
0.011003721780820763;-1.1356494825848318
2.3132701514469094;-1.1104256697999508
-0.5669061781597557;-2.501232376324059
-0.2941816416455596;-0.7544555899092076
-0.07098976044208005;-0.3104472665842256
-0.1665693548359536;0.18529607499965287
-0.9145692708093605;-0.2959919417141488
-0.15645813382259083;2.3787010316493666
-0.8259685386845621;-0.4199502011485913
-0.6341120735041992;-0.5350320070782543
1.7988469020703355;-0.17973467181947628
-2.2957450443839575;-0.996204035356479
1.7352770834050113;-0.5835558038792719
1.1063143620505442;-1.7464764969316362
-1.6801005447075115;2.066836806406573
-1.1102467737280883;-0.36458858652820136
0.7063149769888494;-0.9692402238047498
2.070020162663087;1.3796924132449537
-0.363133045834041;0.7757196002256544
0.3631611901152091;-1.2449336203465293
1.5940514650779711;1.8244256469727729
1.8692032657091375;-0.9430744099624639
-0.7631122764781656;-0.2749384104273872
2.662521397494297;1.019883230414223
-0.252185953664591;-0.01290652616998822
-2.4658602019566462;-0.18723504704503563
-0.8906560145603615;2.4483726825039778
0.42206381984873154;-2.820409009528888
-0.003994811334807502;-0.5388955403737296
0.5285069328905225;-1.503837160561534
-0.8414041148475583;0.5245645838136176
-1.5370804708687515;-2.0360796867319015
-0.33712528390780505;0.17207437185432106
1.7433591760977287;0.669190354674982
2.4349077743505214;-1.1497565541520964
1.8120639791104904;-0.34650852397315224
-0.5501544669743463;0.736978874971854
-0.2097168829292188;-1.364400758893162
-1.622992377285994;0.9624776127892848
-1.2299929901209956;-0.4663342819951962
0.26779300738909007;-0.45218711244186033
1.0065533478144635;-0.33883045999007577
-2.7142572561546308;-0.3970958346576166
-3.2450168692667773;-2.091142624429141
-0.39838398622706717;-1.3815425073976682
0.5128885015423474;0.7654326325243487
0.5412609148726295;-0.007245335453081814
0.4534550011942008;-1.3888868981961617
-1.5462991899057843;-0.6782649439488713
-0.14746672414361162;2.5720797285742507
2.0111597507820798;-1.5923449230707916
0.0795824655077767;-0.3775361802057079
-0.19008833346347098;-0.7589913541864303
1.0251238127314986;0.9047048155073703
0.15607173681525677;1.7088141228973899
0.1598296191139421;0.49317563011789645
0.05216954140164243;-0.22109594980417924
-1.2934617011453975;-1.3928112625942153
-0.2213539629240485;1.490274796557884
-0.8424033729698188;0.7058656041240602
0.41381173179582365;1.6591785292339265
-0.6579137276010861;0.032778857350679425
-0.905780796693099;2.6209033063750167
1.12584031951106;2.0432169443160877
1.3325668083975195;0.04999491787278998
0.22858781284811025;0.07395878205073009
-0.06029983902346164;-0.5057033173337354
-0.33633008313785007;-0.7664230009474926
0.6398255336709957;0.16982281851731018
-0.1920797024348012;-2.004943060645177
-0.4424950819811562;1.111578809285185
-0.07740215467854536;1.1967543294361582
-0.3672678418124059;0.38892194656487067
-0.8516646271234986;-0.6202773479048512
0.2750098232236291;-0.4479413005010008
-3.053975086843479;-1.1344895123626704
0.855993812384355;-0.453676029191027
-0.2631952663021623;-0.9922453467289005
0.4124016774116892;-1.1189365911153717
-0.7338913442711715;0.09460917511736977
-2.328112548668886;-0.43201057469921
0.8016161422372818;0.19496559358390064
1.4958739093596471;-0.855014590843898
1.0306182174050316;-1.5088841654169256
0.3893870042652338;-0.3986590804393026
0.19785850723199094;0.9775599313932473
2.014829401777604;-1.495130984383915
2.2188749653435047;-0.1407867503901845
-0.8845489392230241;0.05434046381203572
-1.035045617811755;1.5422350614147904
0.3685309553331756;0.6848886756449027
1.4429505132471254;0.2831783733304384
0.744221921763212;-1.5629973778197788
-0.28103078866141806;0.5412428345167504
0.841734471167908;0.9475238875453015
-0.5987094821216318;-0.3571970147460189
1.5270035419119277;-1.439876261063807
-0.16563013362034718;-0.873546002137721
0.6606640769854949;0.2717070801691264
-1.0197531466106058;-0.5784000055784089
1.2318973880499464;0.8868776895489587
0.7002400502199533;1.1437261402883554
-1.9865471067216633;-0.6550019246092418
-1.0241637840102449;-2.3179601722864605
0.757614571894961;1.6561147800968368
-0.015371922847263554;0.6504406540528954
-0.78862007110872;0.5822777615286306
0.5357886228130196;0.19632978318848027
-0.7210974007594456;-0.8971779633890874
-0.38567130007930195;1.402938825172392
-1.0869476471849784;0.4923665022734073
1.5335381410893296;0.4349032424592728
-0.3601150857637592;1.0501959629245485
0.4248213672668657;-0.2993511382811541
-0.13136334713706532;-0.11423011324700547
-1.6236036807879763;0.5006014065682688
1.979697077706844;0.4842120467599812
-1.997782616960396;1.190357302600962
1.9840244734008312;-0.3028353196512297
1.0680911755511673;0.5942526372932531
2.145221248249491;-0.16600527589438838
-1.686541466979357;-2.326334075248855
-0.7375297542652834;-0.4743973544233753
-1.0474450701635856;-2.0590551835667683
-0.3362438232522821;-0.11497325790909685
-2.2415317656280767;-1.0874754328381389
-0.7350180015665042;1.7848540609519379
-0.7130191955992835;0.5578063525061984
0.20780119569717825;0.6839098367402185
1.2342454413876474;0.3460789972518964
-0.16152547955795907;-0.032231709553831145
0.7601551577966816;2.231072305118189
-0.13580236700623455;1.5410198415719965
-2.306101354451656;0.49888178049900783
-0.7536899040389334;-1.7174186218997058
-0.9562686318025732;-0.3660093896473787
-0.5372846630834842;3.107218737469416
-1.6028296486017348;1.3708884192171333
-1.7739849973525788;0.9259891530547968
1.2349324538990079;-0.9558687983944545
-0.9173824930601199;0.9934605339659215
1.0179157265167371;-0.7899112753624046
1.1813120824784111;1.1509225594054204
1.566610698026781;-0.1912337340397622
-0.9601156016623923;0.80587773203439
-0.02297449437682697;0.06626936035136244
1.132634644287782;-0.46647034268939624
-1.0654436118277286;-2.465861914737773
-2.1949720518222056;-0.5867065688594626
-0.0921552829020994;-1.3246488525196205
-0.04459305396975241;0.6585824062789039
1.0839325856273594;-2.5624691570417726
0.9284039896159291;-0.48938113326950766
-0.017435294362741938;0.6876395242902502
0.27882813330204337;0.43956584589758596
-1.2187138984378634;0.2646579114156492
0.32703544541044766;0.9491086851933033
0.4674091075512129;-2.174422167032748
1.6939205543941567;-0.14109534797689344
-0.9516712461408197;-0.0869896028316397
-2.006131176689877;-0.821605148751995
0.42571127983198687;-0.938285620871371
-0.5663028149510121;-1.9195983302243516
1.4671410617462117;1.5650142885674265
-0.029287740176307198;-0.6604163417373617
-0.8043127142296603;-2.220888235436032
0.9865069229682939;2.5554287515650356
-1.1870146379615143;-0.3107375478061929
-2.0450969710947113;-0.46004324371707617
0.17747813306281646;-2.2619973043940185
2.1573325767868505;0.6895719797969937
0.759905196293281;-2.4424882151744027
-0.3989189198334089;0.727983195441313
-1.5878229878562817;-0.036910155200500505
0.4485682259835223;-0.9547357723823844
-1.1292776102995883;1.1064092677679067
1.0066821327864655;-0.02294873610102066
0.5382725635213406;0.6252584658202233
1.1390426722739981;-0.010200759879955612
0.7464600891153003;-0.35910692784587384
-1.1977900723922352;-1.310645814282049
-0.8203864816091844;1.4827551948095141
-0.1887899072581709;1.9184124519386234
0.7874356989697593;-1.3566113876405197
1.1170012310040387;-0.6344222369581642
-3.8573580369297065;0.08237855529787791
0.5030901457927632;0.5608658303302739
-0.7546840946872668;-1.5015695006640601
-0.6352678584661872;-0.4502880610024969
-0.1708217104841553;-0.5621794084727775
-1.9928438529139212;1.5943711486463705
-0.31251411852330124;0.7835688886349415
0.22870289519088166;0.37265291570893655
1.3959446616655868;-0.7527621353118448
-0.2922256611193589;-2.1107465585158165
1.4337369930191062;1.4073756729891302
2.014161590327508;0.3860763557035241
2.4191182451037148;0.18393373976044136
0.005125249113930974;-0.35949067210611463
1.6185376730762893;1.6636681551375065
0.050599553505737846;-0.9823754002808599
0.12261668918127078;0.5397378789018468
1.602259150333283;-0.35764319709643966
0.08858547764775648;1.3347204686109182
-0.08629165708754769;-0.8930501744572821
0.2625055857934945;-1.2795994870607332
-0.9388485429820436;0.35277847867455314
1.036298489293505;1.0551808918213719
0.5308001678648475;-1.290073025784942
2.5754470697629;-2.5402995024096295
-1.3120213729575376;1.489439337673752
2.316168259599474;-1.6841268250116603
-1.5656813765341502;0.8485378832675152
2.847811724421406;0.9490840425168657
0.8151859768294005;1.4579904089840978
1.5496817250246577;-1.082665625802131
1.802243314074692;-1.43714766466386
-0.4701417895937681;2.4525914665592286
-0.3139248681665532;-0.6604713687944181
-0.5505408451542686;-0.6481074437595203
1.5125791100673158;3.9047454347973485
-7.864002083354876;-7.560172858114697
6.105597703281967;0.5971040906417517
-1.8670131222862434;-0.27290077478803454
-4.587411337037485;-6.48506194965567
-7.6430972588498935;-4.4667111258487004
2.7897232229933877;0.192440516136136
7.644553248032155;-3.6704489250213435
3.910090646327573;-1.6689923986465374
5.8260723788886875;-0.9646845106660198
7.273853083962894;7.933253033186718
3.035018142368143;-2.025541460080177
1.903330113909762;3.40671178514512
0.8274453425760466;-5.114092187054398
1.2639342744912607;-4.288177680238704
-2.594612483074002;-6.097948925501198
3.6181611220242846;2.2668680049208145
4.137244152493352;-2.7822003642874478
-0.46177364637041585;-3.373161649180446
0.8643655229377476;-2.7199661953833285
3.394410805661149;-2.2791083239274847
-3.395672040118633;-2.810137781137124
1.0296905369371991;-1.3343412676029889
-3.4911835828640854;7.252210795648496
-4.939655814246539;3.693910123429884
-6.30918261242136;-4.151132510535977
4.775389653394626;6.721639519946102
0.6348941526054812;4.107363204342942
5.458541633028005;-4.610662316771247
0.675021478483691;-0.8018384491444461
-0.6189392531129574;-4.126886725769843
5.51062761691337;6.551078785885027
-4.107960098663741;4.327399537580813
-6.122454642676741;-1.6433781323045906
5.562476403024574;-1.0779130771703116
-4.533721747305327;5.933770279759242
-0.4125730185623624;5.450250607880278
-4.903562278923944;7.491571021781203
-3.321713878529561;1.112718566835511
0.9881835274472284;-6.566627065371005
-3.402210311193638;7.159893500247373
6.08472461165236;-7.624931402234891
7.083508946298453;3.994835273322817
-0.15475678957387373;-2.491484011879697
-5.509677246288325;1.4375674285168856
4.826352734435202;0.8022870623747327
0.8148040727515706;4.232459463777447
-4.540918636216935;-1.59396525286148
-6.066530613756667;0.5989894658785371
-5.713358753634854;-2.7666242319084304
-1.3651869716703864;1.205880124732051
2.998349401756654;-0.18815741136084085
1.3127989086684781;-0.5203987307410376
-0.442762726918426;5.9385029288647715
-6.556883485879316;-2.9141694220684027
-5.2985530668857965;-5.4938618740423415
2.4189663031516204;-1.4190319916834113
6.123895789359851;4.489020358898035
-7.561121185667991;0.028051678761459087
-5.888828808449452;7.7390258373764365
6.258369128109857;1.8788751761655025
7.344290776383485;-3.476030620158646
-5.161988119633243;-3.7132075490955643
0.5959583418521497;-2.7641682500795604
6.8161799196032025;-1.9421747918565853
-0.11418644484963636;-2.8386582147049193
-4.510021549063129;-7.310623100347048
-0.36268132445739987;-5.07011704879166
2.05772855477775;-1.7438565263455654
-3.2957820549496386;-6.116390778369384
3.827299722672498;4.708191127918418
-2.1553074535330516;-1.1705434944027164
-2.198690765964308;-5.671239903737506
2.608694035302195;1.5607372001333264
0.7924893142801377;-3.6016605227235274
0.46416186990607144;-0.035422285084081295
-7.236310004477744;4.160931334193785
0.7681510951637982;-4.694038829143139
-3.691401694170569;-3.653578237175937
3.547962148726768;4.761798960511735
-2.4897959008919504;-5.8425377671846235
2.5406182965327826;-0.22473964831909754
6.2835783810301;5.737307611418826
0.4246752467015238;-5.8404137971242385
-3.6430892116395572;3.884043627212394
-4.026024711479927;7.096578170475528
7.279343348132809;2.4511452673830068
-4.394004281976379;-1.6277317172992252
3.6065625183436705;3.553848513129232
2.036342619378468;-6.743904059453493
-0.0051636063629096896;-5.38065803936292
1.6921862722054026;-4.402139636359667
-2.2253522460669313;-4.706332318338768
1.456997412264057;7.488948798067424
3.501176851106713;-0.13839407473337673
-7.373692309057363;-6.175350188036919
0.4033012647677783;7.509893351077242
-3.7643500786329724;-0.26589629917832625
7.649005546782956;-4.696993506949038
-0.2719483445599735;4.093139541823101
5.4109372376272855;6.921172188179973
1.0309502303231781;3.176032958329195
-6.010736532343527;-1.6229190491562768
-1.764485080729159;-3.050262862443482
-7.638175129780896;-3.5904348581712746
5.639648623760987;6.4682992431500566
-7.109083996643097;-0.3657248932862487
1.2367099875922012;-0.8131351181060698
-6.5049236870323845;1.8600922035653156
-5.7883013096105564;1.5224403049407549
-4.4494486605177475;-5.041239726930799
6.065542788140551;-2.8673365610935004
-5.3888402948596585;4.0379167584351805
-2.1864782432813232;-4.982960446782579
-6.817263522575974;-2.4617341143150906
-0.7950864450717354;4.322513436325266
1.1549406919360372;-5.751872151167214
-2.477270244883872;-4.836434051987954
-1.5928928840595997;-4.131380146002478
-1.6777085067597692;-7.925292086818489
0.602441504609919;-6.780889555900824
1.7733206172435096;-6.250968157086399
-3.1444241808784863;0.36800530308397583
1.447630775832053;-5.146945477844984
-7.904350146439262;7.331615671925688
0.23246394938662363;-2.0495867411700956
-4.939645623332394;-5.65899090806214
4.364868319314473;-2.9997389415637574
-2.9228791664161573;1.0400622071672458
3.206603624265382;3.255327330034346
0.2873264108085447;-6.570106860572833
7.525228178396347;1.857372574680717
3.10558625996609;-0.8223281634528607
4.242981694075045;0.6983007547167404
2.5612517644039734;-7.464786137911817
3.566171904126124;-4.199008162192698
1.4580792872662762;5.951793895774641
6.540485922123057;4.402100658421428
-5.941471148041069;3.4941563118779495
7.947598807041034;1.542117441190971
-5.02897939172037;1.1736049147055514
3.159329662077905;6.660983828366714
-1.1736743400398062;-0.3828612860229992
-4.905174442329459;6.3834347976041865
-1.37657527769076;-2.9458967593196395
-0.26269572339584;3.7965918657231903
6.271797402110943;3.7637646615057925
6.129784684934734;-4.230707435706048
4.513213187195488;-0.15655839284111117
-4.583170083474032;6.906451250745178
-1.7591339223409594;-0.8184368341636823
6.389967811492415;-2.11069446732094
-6.903078555215192;1.2594998120179213
-5.472772011588907;2.9706708054454225
2.446157246534437;-3.3065660112980026
5.720667388971432;7.380623043909591
-0.6296616871352878;6.694340587103714
5.6454549236942295;-7.453271178263135
2.9110610622112407;-3.673986634478741
3.413717886324534;-1.60896316524852
-5.4849494668451;3.5369769377208904
7.171781187036778;-1.777619189127842
-6.827801338677393;2.7490230671931712
0.9449059509988995;4.234880018281864
7.402637959505407;4.084176499724366
6.65054839237137;-0.31503740857605855
-7.439951999429448;-1.785049279995393
0.19049530094208578;-6.235634927836593
3.992502282197435;0.7582384723321987
-0.493526649008702;7.302603703138839
-3.7990458179240463;3.841832076696928
-5.22391208715662;-4.472513023182547
-2.2774966935145358;-6.055023459054945
-5.844156901626343;3.801328957162788
-3.4233532496934114;-3.40216736960981
2.763687379163036;2.9998731779138943
3.996064970630158;-5.745500021360462
7.076682800542956;-2.8254941016688377
-0.7322078617161338;7.430971387009295
5.3406020018400255;7.029998630071699
-1.1677874363092915;-3.615000812722389
6.909126627325776;3.2925146685801856
2.0420886774455447;5.7175623120315695
-7.108939421898015;-6.898213773737579
-6.337435509851584;-5.25013721812536
0.04412777301430815;-0.44770130140875963
3.811438953082197;3.4908237900987817
7.857595257646473;2.147898840450079
0.49362122379589124;7.929476165828044
6.036968140351954;-1.0720417475297275
5.292295788415084;-1.0601030564368497
-2.2791567263641515;1.2295480534674788
-0.4525544724325279;-5.745327617842188
2.650728741245535;-1.8443453540078458
5.268272777010825;7.442770337747254
-5.403219589050126;5.135896375385197
4.466645708402032;-2.5502494617936815
-5.317071015074983;1.144835853817865
3.2167352482906626;7.676541651419845
-6.9976236803484735;-0.6402125122789553
-4.050289284683311;2.793310861219396
2.667154669450415;3.223126623626131
1.6876660790362124;4.206146600739288
-4.208517717087634;-6.486049455142641
-7.183741706914905;-1.3917707982799055
-1.7702168603869772;5.590349476054609
-1.1898404880475404;-0.0838029094407009
7.377403047374997;2.464783003517022
-1.2316712507726972;7.85347523342617
6.272688003933835;-6.936157769987238
-4.420959812286144;7.826890270253022
-5.125264212234217;2.586766547714973
-4.608817244031398;-7.9334658031139575
4.354451869732051;-2.2648110897333957
-2.5022101676167416;-3.656264738790462
1.8044093697266916;-1.4825773763413181
1.2413596724097449;1.1996402564157105
4.449105267311092;-0.5397862350793812
-7.44048382082952;6.19791824833448
5.697438672869717;-6.462043737218837
-2.3010040158050735;3.1991107229654308
6.395060354762077;-4.411925649630604
5.714199464507466;4.087259515195122
3.255073055922722;3.7237606582034033
-0.48649812053294283;-0.5630909445672554
0.40406798759780926;3.5123421333492573
-4.326064202017813;1.2696195986891343
2.9253319109808142;3.607680492283432
5.978093453921561;1.8671151667052595
-1.4355884603454712;-2.576042519794054
-4.696813390022768;-0.14752849931050172
4.505373310838333;-5.886097648455252
5.936968172287624;2.034511828792086
-3.6534338521139436;-5.254387347979465
1.3785936477862766;-0.6761435075468682
-3.179537017647947;-7.509420256742871
-5.870287960997093;2.0435738032008786
-4.59770536757887;-1.1376308954165086
7.536927910868439;-7.883261723914266
-7.8510082802038035;-7.157664012528343
-3.330210111005913;-7.451462062564067
0.554088069209719;2.8244435901994205
4.645895240372635;-7.973527069644746
-3.258806990268212;7.019002212022931
6.182909080217467;5.190895353189637
-6.761033378663198;3.203479192687068
-5.697012461923613;2.9551592146322196
-4.260961063376012;2.0036835107548647
1.579985543459328;-1.075201939760447
1.28935548001858;0.15544844735978636
-6.3012349290910326;-5.089186049819279
6.831477641236813;7.82250781002932
-0.9844657069120952;4.509678305156008
-0.6277074945356684;-0.7413186698652883
5.392264921646451;3.5724011050784537
0.8205527462144833;-3.4127991607843864
-5.038360315027367;-6.797714535599937
4.8362029211688;7.082494761479497
1.3570466273356754;3.4805556850963715
-3.6371148728984277;-1.5146937552370563
3.6543028718801303;-7.891427607170989
-4.68699373589623;-7.166525879900812
0.8107356564537387;6.306177416140429
-0.8529739523530964;2.9718769919050043
5.932908835898841;-3.2893761029456687
7.9169587510164945;2.719101316429404
-3.898959405461653;6.107880679507565
-7.384763248897748;6.375364321916763
4.070233256457509;-1.5021674555856244
4.487290852743492;0.5373300844285609
1.6062591478000154;-7.0441071836158855
1.383250627218512;-2.3696552290351747
-5.150362551726262;4.351990410048996
1.489869247648878;-2.796530915853735
-3.8269186019294246;4.192965920162898
-4.129962064159258;-3.436038265386621
5.091254612601345;3.3775531983498865
6.603713343075443;-0.15965003026311386
5.783395550741943;-1.0366742488816296
0.24191286484548868;7.904426257125772
-4.928889527584339;-2.2988821985901176
-6.1741627258622085;7.078290730974254
6.704139355257615;-4.690152626196596
-3.4345627198937763;5.410382633752953
-4.707547927168395;0.3250349760473785
7.915703979186469;-3.4327757551502387
-2.062477275674558;4.86169206599166
-5.094483470853886;-1.6816225732576093
4.646990549462121;-0.4785041269980699
-5.384622534555071;-6.88715436331678
2.3761158779744296;0.5822339926668647
2.1709279507916595;-1.892345122943624
1.2040797605192033;-6.5704398010737375
-7.77400321187811;-4.871469583476083
-1.9472074381301354;-7.588199201991019
-1.8649461656313413;-4.2496245914541095
-2.157938772670546;-2.7521701630930373
2.992089600317149;5.083059822660683
-4.23360625148622;2.4096392398897137
2.642532215620525;-2.2223961527529212
-6.434079453904554;-1.3774902840946446
7.953972049402475;5.185738588910503
-2.8310665553011294;-5.537202049120879
2.9408949560253124;5.849212264441356
1.4968473009650474;6.5283576115450614
-5.801839492957592;4.91940285289159
-5.687490620200398;0.9380607761818087
1.3587856563109302;4.508885887128592
-7.76224767307143;-3.1332920917497606
1.608237174092654;5.984305446213833
-2.4837650825401028;-1.897382638569006
-1.9773715452475233;3.7912236239106747
2.5950647246720653;-2.408651704928902
7.817126110823438;2.8850996247953233
2.300192900084763;5.505692288887895
4.425588419849099;4.347134283066826
3.937362320268239;7.48124330202452
-7.977727459322249;-2.2750649120374256
-5.305236064589538;4.667796892412012
-2.9052707206764588;7.286655727610611
-6.152192190934876;-0.36129868257947706
6.9706207377527285;-7.637830604624742
-4.0405047767428535;3.46471815033342
-3.0037280585569235;-1.1391658369499549
-7.209985236868114;-2.503907261182553
-3.244757610524031;-1.2825867787411305
3.802333332023947;-4.104451928343206
-5.153631803890528;1.8556406805895378
-4.039253425474392;1.339435813402151
-5.036913020971886;7.6769111282685145
-4.013921628767616;6.165303803073202
-6.656907882401663;-1.5417141190617176
-0.03389472376783509;-5.696386558192167
-4.439179289733014;-3.499879176981265
3.8396996792779845;-5.580301479231595
1.049742474371902;-3.561974732061664
-6.445102233988429;1.821470630908344
-2.225817609178579;7.330825986653885
3.8253235836403565;2.8853088877300266
-1.0238360736226078;-7.876983180157136
-7.43137102349038;-3.7900490627855685
6.869742362799968;7.811278553189503
6.021332819047974;-5.483400171850995
-3.280433285913876;3.8272982883990228
-7.340231473501213;-4.245862342695272
6.0029598580947745;-0.6223019768634792
3.036314414482886;-6.712170876485935
-0.06159672777132741;3.8536226320080367
-2.1831631105699962;6.9181840996671085
2.3690274445489;6.681132309490387
-2.8835131157683573;5.849061737961716
5.179664158346496;-1.0262867411592929
-3.01846863747123;7.341536582026613
5.152227706019476;-4.8688483131171
5.206547385912797;-0.7299858352138493
4.777467575452512;-0.7668145844759984
1.33777968063829;6.157872011229669
4.945202423793042;1.3862177024566336
-7.433507815495892;4.887068046995486
3.5262227833484765;4.31872165107953
-1.830947261313085;0.05992464075060511
5.730633215432958;-4.811669948768344
2.224010076450634;7.185783678042158
-4.01054610501685;-5.63507502672674
2.0138000597934305;6.606915484558831
-0.6991336359061417;-3.697637004406767
4.075644141541842;-4.678303056862811
4.140171656173472;6.680290947058706
-7.277262007676608;-3.28452027342718
-4.925620734577258;-6.279901048804993
6.854859112936163;-7.135815028757271
3.2919617820603335;1.968380802316739
-5.187437334477407;-0.5015938212315323
-2.2616298761394216;-2.1397149148390415
4.2780485728528;-5.749248987744075
-3.63232208465681;7.1139195665970085
-4.6721761131591055;-0.13587136022568913
-6.005403904199325;-6.164063708714609
-0.9513410408272307;5.9416012126935716
-3.849740592664853;0.3765761951768294
4.553149312125827;-5.949946028264874
2.8484231876138946;7.687342714238907
-6.154798613321079;1.9214492217508656
-3.090805801418824;5.559748417649674
-2.5667144868533693;0.5968896331906617
4.726314016955808;-7.965193738168997
0.3918936269480504;-7.1148110467292955
1.589841099800113;-1.623230790360651
1.9460447276005244;-4.671876421363038
2.6842101554629796;-4.169564605736067
-0.9916582575943238;-2.4776049609429744
-2.3766852216196117;-1.8621122397849543
-3.746837698596039;-4.513362856990534
-1.4969538401503932;-0.501420653292195
2.7723819284041404;-1.5044190545414367
3.029983337623328;-0.5258937125991565
-2.7169825679154638;-1.8511089396912013
-2.8089631310114154;-0.12208476925586886
3.5383667426599033;5.3372085346581954
-2.611591572957602;-5.0421685302282455
7.159990557915968;2.412334924958669
-6.395288567973921;1.8300003193934486
1.0935817001467818;-7.857224098377998
7.839595052439792;-4.818236290628786
-7.954637329670106;2.8766406680362095
-2.7716639766274724;-3.192692553237805
0.7097240934738647;0.1921508555675775
1.3984908003447867;-5.8381673973675525
-4.975557147323816;-2.903526985073306
4.949833445261843;-2.101298888913849
-4.261278280223875;0.4266410272491665
-3.491076878502522;-4.744587614036172
-1.52402336250646;1.1770525344314748
-5.650373209585489;-6.005960562505113
-3.58893790210678;4.56879808081599
-1.5407117841481721;7.452478097856094
-0.9205957700526302;-2.805766706346196
-1.7769274080579063;-1.0449342976536773
-5.428168452053461;1.5201178991626811
5.875313710441022;1.7472207900108234
7.099034594780278;-5.5672741914967965
0.9316517683314771;0.20159332576346678
-3.948771453167838;-1.1708062801030543
2.1977860197027717;5.959431552530043
-7.36033217369148;4.595549226853841
0.19633797301751343;-5.465729215615202
1.9350551474194226;2.993705910391464
-5.4101573048312925;0.4796115881400844
-0.9092456564779887;-3.5298268336442717
0.5028063565426919;3.436845334230883
-3.765447603100629;2.158330027750143
-4.935838493385667;-0.9419595897371007
7.113721020851363;-6.755511524339868
-0.7922880762469511;7.126442465990252
7.339835477838891;-7.687735327560972
-5.12366095150098;5.96838786119589
0.8452089466406942;1.0938868247376021
-5.566038785518769;-2.0631135855844978
-0.5555922750258588;1.7702552145978423
3.755063384751484;-6.74182118022016
-6.9649942434168715;-5.826613574421273
6.775759247797152;3.0009739855646913
-1.5386785295121364;2.0413740232216746
0.8793009479124816;2.6602448034395696
-2.223493062798097;-0.14519484821974693
5.524544363960729;6.68820601474817
-6.96927426247526;0.8397119165143394
3.329335325349904;-4.442535557415599
5.909124551367855;7.8460773866267886
-5.212465684970413;2.300200985375394
-4.691990613286006;2.6373165229687903
-5.793444672291834;5.179333390476094
-0.42662186988219375;5.681341027837211
-6.479260950933567;2.0138621666235377
1.7309416294483242;0.865400161407381
-4.332537246098557;-1.3308309941366012
7.8153449564168245;3.2295639566223695
7.100085401318172;-7.141497587081853
0.7198121241545454;-6.799970706526938
1.8531383958817784;-3.341241817490598
-2.5200512357565383;0.2146003589151153
2.6946541233731125;2.417996326605609
-6.099257162635274;4.985310388793492
-0.6028021295938029;4.7735925795398195
4.546370017911677;6.6229937117356705
1.6031718390624423;-1.7993489384284551
-2.5158645449213513;5.660937172537517
-3.3241656534381736;-7.060036710221256
-0.5137602670571084;7.897498668799612
-3.0311437462477926;-0.8163220962288484
4.181252216279873;4.9705697035585334
4.555548781228376;3.209544332756664
-2.402639334552731;4.802377416942274
-1.9986264136158063;1.500137017313051
-1.1098777090318013;6.103187701686348
-6.929098004098348;7.733720171533452
2.838938943542569;-4.076625341681767
-7.245289536996477;-6.027806574123851
1.1840617754162768;-0.9245352036014154
6.619664698626314;5.0559141108161665
-6.08749489657847;3.393461966626175
4.9982135594959995;-4.795702796755215
1.1376262450704449;0.22208598295505233
4.6307593315617;4.0203399452324025
-5.568706591580895;0.7451499257636041
0.2961836642584377;0.9724775389324538
2.644506474463112;4.224531251081283
5.942467302282388;6.485841427534714
-6.501274804887798;-7.501097096370659
-1.1939567031540985;1.6861843651909272
7.9308041243591045;4.046135061669947
2.3954346240340207;3.7269301208594587
3.31576650709677;-5.7061684062052755
-0.5177515888760116;0.37448971846473
-2.2221989982505015;1.7643042725523213
-1.3924446301458548;-5.92461382216819
3.7592810606219658;-1.853646525051218
-5.137063933608138;-4.5083318968074
-3.5600009342776104;-7.8770779654091765
4.634707034023096;-6.487147472583732
-3.3769829094733446;7.009029547829062
-1.5635750815163316;3.335664634738155
-1.2446754226333248;4.164842429979938
-6.511362026916517;1.170433540055173
-6.751980166709508;0.27903942230494927
4.967483726018514;-2.1492099451631557
6.105958668334283;-1.00924679803191
2.4361320167532057;-6.049906889910787
-3.0482291101709986;1.856569268162815
6.043832533175223;2.2726304945194187
-2.296724137850614;5.669963833231309
-6.61468163803865;-7.366204792117099
-0.9250893787144339;5.11851683584398
1.5708273589916946;4.536559989717354
2.5741469885955564;0.8102849745500311
2.202573036349488;3.116532321530938
-0.2175134734320654;7.189796050609459
-4.639520247325651;-7.376883399468836
1.2133367959329107;0.12427049136890744
-2.010794418067764;-4.4508194775564185
4.637002702936893;4.254780358791411
7.1606972149742365;5.916268288223856
4.467223904877789;-0.6198010985121609
-4.538990304862109;-5.006200188533189
-2.634991881052656;7.098391755828143
-3.5638665675237355;-1.7214417509692534
4.06813863434629;2.4820590413186405
6.2507874246861235;4.3967727814028645
-2.6691043557721397;-0.8921477557972803
-0.7954304058314889;7.472260536089074
-3.3835108894309673;-4.412655895529426
5.6352804145959645;-7.2249154479387325
-6.342374257978978;-5.606875826893418
2.288019509396232;-1.611488211850439
-1.6695854181818657;-2.882256673355048
1.6223382909678676;1.7413037449303062
7.529284448497759;-2.8352396322763784
-5.68125995419804;3.829747206266587
7.633618426060227;-6.302548511283586
-7.6851745094372905;-3.073787977084889
-0.8459592051913152;-7.599825519427489
-1.975969383472865;5.567309834143478
0.2405648883006979;4.2013396067968305
-5.707193442983947;7.614352642501741
6.37293086783148;3.583390830789112
2.5263318800983363;1.7817781566891302
-5.294731236833302;-2.396245489497419
-1.300352805943536;-5.651422349610785
6.110827105581237;-2.3861638750792284
-0.9096355068321049;4.220024232127447
6.4150645665862545;5.444624209219484
-0.8665837685370406;-0.2013244920361963
-6.9280007843021245;0.3388932362122734
-0.26314602187284386;-4.747959198629873
-3.6142781062063207;-2.5396072247718333
2.075157708330014;6.994554752861001
-3.1796936113139314;-6.049411497080401
-6.56634826077126;1.3441585155609097
7.2134304402313845;-3.950635536223741
4.446442486410874;1.838280316641388
-7.149563995323193;3.715450796293311
-0.7691171184983929;-0.8996215765091176
6.700795403684825;7.030576580144393
0.4058813446370646;6.587415270422692
3.1574137088546994;0.769007081889221
-7.6846759140123435;-7.341004061865338
0.025690464087178455;5.582977642328569
-7.231880816183972;6.674587299373435
-3.353907541515534;-6.659012912822302
0.845008677174631;-4.838072717189519
-6.262714830355181;-0.03783943407008117
-7.963717448525877;5.7877361001674394
-1.0230867790055616;-4.848918076510193
6.933118870536374;5.3931332229231845
-0.6130471974245353;-2.547930575483763
-6.472404365253064;6.899806621665412
1.9803855018135241;-0.12778653761370506
-7.960613863908701;-0.6244715381972838
3.8240123821623033;4.067688527386331
1.7947154996710175;6.395714631805074
0.9321069175170233;-5.912032199499075
-3.6910440039891377;2.942339754350632
7.384214772609299;-1.482161786209332
-0.027674742494737004;-5.876868733248159
7.618609996875426;3.316441557556015
-1.0308887777620974;-4.231650251932406
-4.219309734733056;2.3653462189935546
4.5166450291932225;7.328782230348901
6.254309413043007;-3.876077615754866
-5.452405448448433;-2.5164632960818327
7.693593318944927;1.3078089195688936
-0.03424898860484049;-6.582397266765559
-5.1457577908194985;-1.564640475413329
1.4053949629921814;0.45829801595622044
-3.7922002115247526;-6.042836268194506
0.5141799505066853;-6.9986623021089045
4.825720931741966;7.609897353474867
-5.475403983107272;7.259923328508865
0.5098115930568774;3.989515241898504
6.819705963683601;-2.579825541805363
-7.4335811106278165;3.7457042950044066
5.315632486519553;-2.5698535519583103
2.8710355528705094;7.150572091847307
-0.37395262790048456;1.6802917043250751
-3.364045466440622;-0.32574883963352264
4.385158242018436;-3.820657078435337
-0.08228859871100447;-3.507610929842107
-6.794693158898411;-1.9040969408983468
-6.078500991167877;5.962673831096723
4.761144223488323;0.9732337291194373
2.93638265558171;4.903759302992594
1.1529989808090786;3.1335598429631837
-2.3835988821176564;3.9755282934976357
-7.660511379516997;-4.693350926982566
7.030421117807576;7.582287286125084
-7.852817993862061;-4.888403695499161
6.497959196010704;0.39989558645071455
5.8621186675413774;2.5461665894276546
1.964469851046415;-7.80340530392713
0.5044481102890295;-2.917151480539765
-6.228646346849835;-2.372285450052045
-6.148685491917522;-2.856629066937856
-7.301335861672767;-0.048925894746625787
2.3301626162598392;7.484850379007456
-6.0004132669796615;-4.443674314544102
6.4543885614975345;4.951174954263315
2.842147383561203;1.3665791744161986
-6.086976448695081;-0.13622092573635314
-0.09281286052079984;-2.5350310984928246
-5.886477498232438;5.730984411470859
4.35338235832725;4.174241699687649
6.8215647004719635;-3.33111307429866
-2.237802113519292;-5.992505671958838
4.658598410502654;4.666181113769811
7.6237394912125485;1.7043524825468825
-3.8265363329776356;-2.215239165206574
-3.9848218785839524;-0.16782583029816678
-1.544076565630272;-6.353560814026672
3.2453742688609726;-0.5445988569859281
4.632904496778357;4.048659508866345
1.63385806730499;2.7505620087692613
-7.45521726922229;-0.6429100132359533
4.552831084627117;-0.7944504465107176
4.357330415262181;5.1388603851524035
7.432331303850711;6.322967520421562
-4.516988937964655;1.9036529816728436
5.580815721202843;1.6257382807054537
6.207143509845016;3.002544939390962
3.455469191994391;5.855957926388907
0.3418303816934145;2.3904423777590864
-4.24935987909778;0.6947962072649165
-3.2472007660086337;6.852844506884203
1.922444753213961;2.373889490374273
2.333990033440882;1.3080726007977823
6.722179691431721;-5.079302872872988
-1.9705425349485601;-0.5185070719371243
3.8574235418897054;-1.9155747249668877
1.2474772675521208;3.0973849636227815
-0.4312647737149433;-1.344883362935498
-2.577805841732113;-1.8703675374397797
7.965311885796172;1.3248908049952632
-7.470467648589919;3.7397924348499085
4.2770461251817995;6.004003486264827
-0.8459182874726281;4.336628336769472
1.3005476349962457;-4.623529711779694
-5.4163106060380635;-2.8413124303187107
2.596045576652335;-3.6346263352489228
-2.3248754640683167;5.400389623014464
3.3534078788760535;-6.993648579124967
-5.011736707285811;-6.5923022364136585
-2.834266306286221;1.5532978916948164
-2.746641069508218;0.3826048335340104
5.857200199750565;2.26905227415158
-4.181172152971344;-0.8684556786543354
-7.728178548466586;2.827814738184875
-7.88018740656196;2.9544086980496598
-4.471523438549397;4.104466836273826
-4.348598907921671;-7.600580434292702
-7.788875328508919;7.40025551853341
3.3914312021723916;-3.7180106448603194
1.1206147586092037;-6.615660649079798
5.90665080558764;-3.4211855752062004
7.320038903438361;-0.7176635509277141
6.743744420034266;5.521797925770267
4.795210039198436;0.7276950406594427
-1.2294685089406396;-5.625599012461068
-7.7034135654706315;7.4194477854255485
6.683454349318657;7.58560635804095
4.669017270106407;-1.135636881292939
-7.037264193197723;6.818706720982924
-7.6312444248603555;-1.3611776211080056
-5.608656181700422;-5.085222620217502
-1.6380136850339184;4.8787608285636175
-5.655823828969224;-0.33246027718199933
-1.3283480716847382;-5.123134306507302
-2.2519398227857295;-5.663339939540661
5.092124079506608;3.247495013507354
-2.8906553543055633;-4.868980295128486
-0.4764583666850637;-0.029025772749813328
-4.613901783131398;-4.966232693556135
-6.242444284439896;-6.089539821920011
1.3117022860646887;-5.002724322993224
-6.075564763856329;2.6179910067397216
-5.492743229759537;2.7703974481760643
-2.178237031200984;1.9541271505593265
-4.869924111285092;7.811086487111316
-2.8968458147474987;0.4251927836543459
7.929466982754764;4.382277247317468
-7.3431421285196485;6.1970858348160895
5.2558355694810555;-3.2696362166195314
-7.533673303590554;5.036850694117982
4.131023888720398;0.5770042274241494
0.10130333515971301;5.398599443492486
-2.2498293872312747;3.9814176120029536
-2.27760553374514;-3.2092748587408924
-7.371997328332892;-2.8851892039194293
6.648943001600664;-3.0676090332087274
3.9862810234342696;-3.4573333650924667
4.240677317984176;-0.6938725242486488
-3.820206169921139;5.937346088444281
-6.538311583245973;1.5839061929947906
0.22893056154715552;2.9391281554224875
5.358388126958637;-1.5193064200146402
4.3725255691916125;-4.909931628377139
-7.3940104795092;-2.141392691051566
7.8265931815672545;2.6844582272905786
-6.289171363990828;4.442360109802802
-3.1006273012739136;7.297923383087435
-5.393115919049411;-7.562402128968969
0.4445922422465465;-3.926391390611391
-1.6710757958575257;-6.113637792690691
2.980561703671526;-3.055433495198523
6.565601012954174;3.1816392241647087
3.249175993146036;-7.133654179865468
-4.913243815605721;6.285184011018828
2.981293751826522;6.1850657896316505
-5.00286563949132;-7.850064415400491
-3.366326452093018;1.0890696765093928
-4.507701990880861;-3.563675926697769
2.850611612067077;4.466191756203983
-2.4285255142956164;4.927444670067084
-0.636352234008756;-0.8756326056059258
-6.127091713244727;2.4483350494198355
0.8146874717155619;-7.580166687033845
3.921795250088314;3.92950686919764
4.411519810620003;-3.7606598229984876
-5.898584942651446;-0.18098607050615456
-4.0676511425362705;-1.43181389651253
-0.8752175857072277;-3.4184864419267065
7.673611302208334;1.2046078708904613
6.015814452262626;7.882977725721441
4.259713899309281;-5.623554553178257
0.22502926627797848;3.3624354029710535
4.7744450585867675;6.903919717007845
-3.2270551668860215;7.810522474383541
0.5510274787668639;0.016319909107656017
-2.6185309322720673;-7.831546434654092
-7.338491789910991;-4.777644483220147
5.504289013145545;3.6135137830669066
1.2867537468213417;2.5708489233671408
-7.11932236734353;-4.211553000477851
0.41030485372273695;3.4759488543535753
-1.1245215483661166;1.8878665929630856
1.586116360733822;-6.313741407902883
4.315869198950127;2.961484220631487
1.025247849354141;3.3663056497495063
6.342188817219947;4.613688996310948
-5.184068726467025;-5.683957017462859
6.945441486343961;1.273905761495385
2.4035710278711466;4.330273522015331
-4.767190470931945;5.074628710326413
-0.049677630142673124;6.1876992177970145
5.765612304822236;0.8857961745976617
-6.841737472810113;1.5827462924460836
2.3557080554520553;-6.5190232670596515
-4.614468806913793;1.3450302205171702
-1.3604828215885654;-0.5641113911231663
-5.9941225858177045;2.1647966688664955
7.180828366016343;-6.639941219604756
5.677263476306624;3.3211865294081573
6.739601856914081;3.0354461897045013
3.5428291651464647;-6.4408182852546805
2.737584135000251;-1.6329240173000716
4.782312123513208;-3.8959499589395605
-5.463173190177487;3.5581875625606845
-4.844187717289428;6.308809438756434
-2.1389680428018174;-1.5210774390575708
5.615830167336263;4.478776390929841
-5.020856128575263;-7.911979393525163
2.8710002950647464;6.616008403579672
0.7528999924149051;-5.699528555981624
-3.2839124663675197;-2.7854185786596535
0.525106801239394;-5.741760146026493
-1.4203114143292694;-2.849029971511486
-2.1201386781816236;4.1605330251630335
-5.294046724537406;-2.7175996759271666
-4.384537876962943;-4.427347542626189
-4.300498137891465;6.581789044533799
3.060495354267182;-6.5682870237902335
-3.8886414712641315;7.828136350683241
4.1629460747207325;4.942151549847583
2.222123582120499;1.2464324942219864
7.998162070045156;0.9594234552568448
5.992259458121662;-5.137459635804532
-0.22359868703472863;2.9552714035850993
-6.169538334421725;-4.778905645992124
-3.672450221974774;-7.695418581562516
3.6314569655596625;6.60290328910175
6.384300819144135;6.595731694048213
0.727516783466216;1.5711256989904374
-6.2149545429734925;2.5403871040877615
-2.8835915282926923;-0.8207094965069448
2.522231016316832;-5.027947338157164
4.948146466256883;5.03636011130126
-5.017530784014555;2.557104994036541
7.763968715331435;2.085374153828969
-0.39745530338013246;5.561462026633697
-5.392633678405501;4.709658496277836
-1.8576867367464107;-7.663980825330018
-0.13332223034277213;-1.5390330214284713
-0.6690530161451704;-0.1524509726377552
3.5668863588971984;6.822263030287294
-0.6217693296299309;-6.916009104154979
-4.285499043028199;-0.15222248832146157
0.09099469503939872;-1.7892416605945236
2.042078996719951;6.833252131070555
4.266670719875275;2.2512177905407906
-3.6506092982172405;0.5352817768250393
-6.359900977316899;-0.11744559775817187
-6.210607969459312;5.602284769835947
1.9704514999208609;-5.005119501012146
3.7878930036243226;-3.752519313317368
-6.671302525825666;-2.9219556211012083
5.495574612438325;7.567146741744105
0.985570890678197;4.441749872122756
1.8424310984805636;-4.199620371445469
-2.431050750986163;-7.57252392272167
-0.7645017467558262;-6.871599390611774
-7.4576029797421555;2.5638874394042084
0.8183875823253768;-5.8264080037834205
-3.182521333627335;6.88808619348414
1.0590270977947327;-4.22171040467469
5.804962456985342;6.278713673580976
4.024867279230936;-6.148890034791801
-5.097334310757358;-3.3028086608794034
-5.162990771828067;4.369808263856498
-0.8743028091810601;-4.232424625969598
7.440237511618674;-1.7822413685676661
-1.931383566838658;5.316556108730886
5.120828481660151;6.7521255254472
-7.258211012260066;-7.335826722030738
-6.851236373906385;-0.6205310083595634
5.769005794163663;5.737815469965845
-1.43432411369729;0.17814810180177432
-0.4172344641213446;5.902878871089927
0.001000682173581069;6.02745295961684
-5.334549975195577;5.471565131874939
-1.5810021405496997;5.822292386069236
-6.827606954409806;0.6170421903148675
5.606202263634769;-1.8036997191907087
5.410040866650236;0.5540441466478754
2.0956976586549345;6.608816252534394
5.820385336441115;3.6947768390209124
-5.775823877800345;5.577369703884106
2.571993149386717;0.29504768798351044
-1.6108494792303123;-3.467497619915738
5.01658657216454;3.749416054441493
-3.909998156780091;7.637567615564995
2.976158913346744;6.492507450431868
-4.656052112956322;-2.7484359399465834
1.2952545977576655;5.732750621036885
-5.1131281597053615;-6.748258796202146
5.8630976398683625;7.755293664241414
-0.19076635777020456;5.316447071645522
4.750445884066714;3.745497758159221
-6.1729481198095915;6.981428121839764
1.276868141682268;-3.413528092173154
-1.0813706758087047;-6.597922451343237
-0.24195507354956547;-0.2902179498811286
-1.9045307647316;-1.9771372946043009
4.631493991895875;-3.4495841358340567
-0.20890772996877693;-2.9305853122317522
-6.038986664688027;-5.1055774394862325
-5.2579800965416705;3.841776644092329
-0.25860890674235826;-7.970193362829145
1.7547295877664428;-7.925008210198072
6.294334214488229;5.966504806629155
1.633854069325798;3.2416072848825834
4.544454026466317;2.859037872288109
-7.122168691608472;2.581364329612411
4.837294043096399;-2.194191923382519
3.093418664264677;-5.199056615240728
-6.1853391714765475;6.494028545627582
-7.844891998192324;-5.68202407673313
1.0338659562218986;4.505631372218126
-7.271450372222629;4.118046577551054
3.117908147818719;-3.2062467060367332
-5.821135461013814;-6.466630060933513
-2.9212816575232967;-4.970661558686098
-6.282062975614165;4.996476902723828
-5.8200568477967884;0.6205587050941137
0.3074054689579153;3.7181671584922533
-5.417301825461067;6.104978384342436
-7.292812306387919;5.30618015980693
4.459422487287872;4.536124767705596
2.35341572570235;5.571556094616197
7.400231606830523;-1.9240857772461055
1.6393851972438735;7.103953394912663
-4.144431713248146;-7.370934862614936
-4.480888163356935;-0.032254015739139774
-2.834331921598192;2.2252767842410517
-7.681349871437369;4.113361677109554
7.113703263293241;-5.764296881919995
2.61821769605044;3.8175813470037614
-4.153436875149016;-2.7269940299458693
0.40348039583415485;7.608775575416672
0.5398930713344399;0.3122515870330531
-0.7911140121020672;3.7417455663257595
1.745228992214793;0.9068027119255628
-3.4292044823718193;1.0141199431937
1.0907468749032443;-7.00380022088506
-5.547822488560513;-7.3034258776611605
7.6127674271928765;-7.451864590210228
4.080218065417233;0.7436732725347941
-2.361208730401918;-6.292991392358553
6.299481393110341;-3.83159905751525
-0.32329826857685084;4.350265347617334
-1.1017988980201228;3.9335310020072196
0.021424597488692854;5.0162742703683385
4.554684789463185;5.4671558208041215
-0.6290607086727888;-0.816708024100393
-7.601084837232495;6.624107707539492
-1.9025012112838056;1.063224122801218
7.873450067661484;3.01870624479813
-7.83303393954875;-5.721240656581497
5.8870991104962656;0.03497527080186913
-4.887705415128988;4.31602185356555
-1.6784832067610314;-5.460986522874689
2.412552058359646;1.0730293433945128
6.43506926593307;-6.891758096583345
-6.377384432308112;-4.6623697526360015
-6.520330736415721;0.6457359148463357
1.2281878186629172;2.2284938174957176
4.5660673515023475;-3.1070660842786726
-6.974573541081318;-3.793301114489182
-0.0909342818587131;4.310750167849234
1.8071348197295283;1.983742553151444
-7.8790926303879285;0.8530689223826524
5.282008563477971;1.3098151254715251
-7.907438257123685;-0.17604549683263393
-5.835768462950126;3.4880762427635936
2.7471613326216993;1.56575792494289
2.414288000394931;3.5127718305347173
1.3715305418324473;0.9289768678902135
4.4261925651999565;-7.223255585857581
2.9989286923954435;0.6481324650167544
-5.741310168345354;1.650892663133055
-0.0006278490396827152;3.95310915964056
7.922242345526996;7.040962591931869
-2.083774055828588;2.0465220143170484
4.312092023637977;6.431883043265074
-3.811358924332824;-5.958262024936703
1.8771223369231382;4.393543394483569
-2.818475212741923;-5.78793439633885
-2.957528886599107;3.5182950343086077
5.214966412968003;7.663701036625731
-7.3784812823406085;2.9027138139257325
0.7811234321965372;0.558036079301619
2.1378385179078307;-5.267932910955331
-5.040957321570799;-1.7617533834743053
2.807807688595851;5.727133089690737
1.3227490129058541;4.459624494575468
4.480239324391999;6.826217823996174
-3.4987622876802984;-5.447125066565059
3.122209652221118;3.641151224962316
-5.3554279567143315;1.6954956847261808
1.4434856514940524;-7.950783699947181
7.770532359643203;2.1410388444631145
-4.636166753611381;-0.6673847115593947
1.0750086471034823;5.535058946646988
4.048712479755933;7.047299895881167
-3.7799238104473254;-1.445964127970429
-5.1424766184518536;-7.959550693319732
-2.6528339993099284;-5.776316979776654
7.443665863674752;-1.1456241674410474
-0.6102704660013138;2.571881481149866
-3.8596311884447427;-5.7699064296426865
4.684614853754864;7.67937658055844
0.03842430496444926;0.6518999102037579
-0.20675917120997767;-2.0954325488035153
6.331316288404929;-4.191415268482633
5.377936003950431;-0.49158298243624365
-7.149873154630711;1.0082457942716676
-3.8362151691035837;0.02750306157403415
-4.000958552309495;-1.9601923594327992
7.665207557939262;-1.25627227278396
4.46822605900409;-4.208983232878662
-4.78364952964176;7.58366632578198
5.723073458006784;1.1240535805154916
-2.5214720250096185;1.5891921935473583
-4.968750682397005;-6.675376284088832
-2.2909055524110062;0.3541540359577269
-3.1062459754870755;-4.0973052878092915
-2.235270265688891;6.842879031326138
1.1226175907510854;7.6701881538043715
-5.036650675046749;-1.8668711366223505
-7.696653778291669;-5.877431033715025
5.57658974113574;-6.01706705083326
2.7581718843372034;-1.5334923099952906
-0.7915413666596631;-4.550027644056245
3.6894030743790136;5.609333740325029
3.8280768794598483;3.5052956639710473
0.6500911313179714;-2.3843081957723076
-7.775735059675622;3.175712845609725
-4.592374053672712;2.821720395287386
3.9328511838039404;4.756698181930954
4.047896888588557;5.517793952624622
0.2002628308379233;6.436338015751518
4.645161902066194;4.956743458986434
0.9001342703055091;-1.584359337774064
2.0470624515961493;-3.600120551611175
5.2047456745150384;-3.6216560662990496
-1.306823454293399;-1.8927699040677926
-6.51430254169613;-1.1208516200328784
-1.2697868191389183;-2.098679073837271
7.614978700628516;-7.745743479967247
-4.9818461971013335;6.69695586842133
-2.7340909511443137;-3.6228454323652812
-1.372636106170777;1.0883815075562762
-1.9589699261079474;-6.372646644902346
4.3774067541656105;-7.791540108632018
6.195555615531786;4.311382121020781
4.7661110295578375;0.9334419594093486
7.567843487976768;4.129348702283767
4.711041565447813;2.3789144918304093
-7.919599895214915;6.81321790635374
-0.4592241414393943;6.091912422260009
-1.8200640289584964;7.133778515336301
0.037834894443076195;-4.081191369387204
-1.8431219544250759;-0.5731890431609745
0.626625524412125;3.7869775701985127
7.9307441108633245;0.009473107288366478
2.282860848206978;3.5481350989415787
4.839616054549138;-0.17945596963429544
-1.468508569100683;1.3580921215105182
-5.709395134845737;-2.0123163577342424
2.091037791567077;-6.83176142572413
4.210829695897898;-5.976768031819475
-2.8082049912739553;2.398675257655622
-5.7541873417288;-4.372522749356204
6.066075050195929;4.05092160377046
-3.120083029135003;3.705372828641524
4.996606671416304;5.9658647211511475
6.041546779559713;7.5301526017794185
4.92250031889828;-2.530620916614623
-7.72387797607942;-2.427378000148817
-5.501882883248113;-0.3200068185336864
-7.191661793749029;2.349552952810809
-5.641843964743755;6.848106272497958
-6.432383294447556;-0.20557941192502582
-0.09381575479187454;-2.192455140941295
4.0528409102595635;5.602596759091531
-5.439792245277866;-7.402621172522508
-5.748835403673597;5.199216008279189
-7.2417033998689515;-0.5756907236949083
4.407182301219953;6.685087887066215
1.7845271542231487;-7.238670947899697
4.094830774389157;4.130526120312313
0.44416488120582187;-0.054860594096536985
-0.23345660757654585;-7.2842677575417625
1.82517885172326;-5.561943580396385
4.703180190907533;3.4744522035102765
-6.885637833975453;-1.76801873018346
-4.996601146816609;3.2679804791372913
3.4318353506589823;3.717134092066267
5.981993837066838;0.14814287578169427
-0.5482623503144275;-3.6704027974183937
2.681552504141054;2.737726060238776
0.39789954609948275;-7.018461769377874
-7.511572796121481;3.0532077647334432
1.4768382880866557;-1.8917544412057747
4.233420503994125;-3.6771752000107885
4.982361609243668;-6.698668287553257
-0.9458140332697216;5.373513066934864
6.572334153752948;-6.585423400102121
-6.444689487959858;-1.0360042812121488
3.3610666363082213;-0.8959831172475763
-2.8713324685161457;0.03229378842053876
-6.292329933840481;7.201924971858977
0.5221804476316727;1.3365989165372447
-7.2823073881403175;7.577776761856107
-3.287052093524343;-6.717684561117052
3.1045827787233016;-0.5743193785021479
2.58675867699907;0.6802587086082887
-2.465296366085992;7.141194135681873
6.623534094427164;3.815278953324924
-5.468461552442159;-5.270342678680901
-2.0166445897512624;3.498704538513687
6.3225258561458855;1.4571523445555048
4.114842236394367;-5.777404048875978
4.36129813936669;-5.5104553210396485
-1.8594715907531185;-5.365140538311923
-0.8806912168610967;-3.49516011872122
1.1274551197805476;6.353305617478311
-2.9112257052367845;-0.4494221243095602
-1.123355978808684;-1.9052420000622021
-2.368687489483623;7.890588425615077
3.6506568012284184;-6.579472208941715
-5.752874910557061;0.7730568493484746
-7.866251072145827;-2.2288139990964613
-2.0935997967403637;1.766857512436923
-4.410461300340382;-1.9988182732321746
-1.955516150826396;4.450393185841689
-5.916383343689944;-6.284987271515636
0.6831978511523733;-6.211147013352967
-3.565235680069124;-4.918760528832301
7.547786562122841;1.1595699305451976
4.868289056982526;-5.35769010423471
2.5229234028509513;2.3767236362741357
4.886288620199666;6.865886070945695
-2.607479005577231;0.2979397513669664
-5.331533724235337;2.1916522825970404
2.7170773634106347;1.564839284475756
0.06383091077771219;4.505693412276923
0.013112730294364994;-7.717562100603612
7.101565792027163;-6.5913863764483125
5.18477408056876;-3.965017641356747
-1.2646503145150465;-0.005010657051784051
-2.7607908652550908;3.314776457821944
3.723411654560593;7.192147818316801
-5.7816121769593725;-6.353755081388705
6.2133530015071585;-4.657018224142579
0.1803376902867342;-5.505756143046275
7.395252445498514;7.540062043693689
3.942160185759299;-6.0063549021274465
7.341631719458547;-4.431410381374974
-7.6709169934573485;4.342176693092478
-3.1146536501472966;7.34865905726719
4.034128999014872;6.164726029129888
3.831462262455945;6.529627833165115
-7.315314359506067;-1.0811366225395673
-1.6530379931582218;2.745396274911993
-6.402423748176027;5.113765773460052
-5.489234542830337;-2.321791573561386
1.1002352620588791;-5.692350514692913
7.79673918513344;1.5312716681257434
5.635000025405606;6.28150453464705
-7.4231094283440715;-2.77727048945861
-4.068537745909671;2.020900373371054
-6.540129300427621;-2.0827257934326546
2.621649316847284;-6.660335976432734
-2.96281254123498;1.395551900376896
7.4192361086851495;-2.5760007758230437
6.710811808825698;-5.348980158468628
-5.01441149592757;2.4962134272400025
-6.974676130892904;-0.27089205218709367
7.428110169600659;7.577103068005046
0.9467118292709547;0.226838566402785
-7.819947724744681;1.6513464823048505
4.996953997063475;-0.1427581617276683
-3.0686172408638015;-2.444196870929069
5.167896420367841;-5.800752917421233
-5.582815682727972;5.98228758241941
1.7576313560929435;-0.9984828232467962
5.9956725248966585;-4.683379194022834
6.077765455217763;-5.791261771523798
1.0085846525013729;4.973876056400547
1.7666695279096984;-1.749256088641852
-5.529998593756936;1.6206356995384752
4.1249007092829775;6.132299292776377
0.3182919857864057;-6.2417247961186675
-1.1422242538597622;5.839494195057851
3.9429474680260643;-7.084767681057695
5.922657375643903;-5.607202851974758
4.558946518405575;-2.943287458653808
3.8158666040337597;2.8698361535158607
3.8235625257069223;-4.720537828061756
3.895749070928657;0.30277405427248816
-7.502126002944944;3.0650594534835864
-5.883809892944125;-2.733336739417078
7.702959474499101;-7.380327351015701
7.8681405273064176;-6.54714910421966
-7.976134676101504;-3.047439185683217
3.849502872846429;-2.5430851078690964
-4.839806224020217;2.236145557616874
-7.843775860883612;-1.9796090098135846
0.18785666564316728;-4.136277288518414
-2.5320699967791054;-0.08882146323217555
-4.323234721878498;-6.620239765023506
-7.25669651757709;-4.663153688509537
2.1780159748787202;-6.997248502877268
7.521180623866162;-5.978694903382744
4.126619293433501;3.5531970733890326
0.909834369217867;7.871866854686628
-5.080707440719902;6.260343605276907
5.481026444028542;-7.878151523242092
0.7660444999746794;4.939833903016426
5.65689439980555;-5.732404086208742
-6.300072722219143;6.531895945035689
7.763874200887818;-0.0006455943807335274
4.774000870447706;4.722794965281517
-0.9407446639363641;-4.1200718460788845
1.2308685045016308;-5.451287642290776
1.8766658155679554;1.0869674934539741
3.2549252363074626;0.07464875622593148
0.6118079823497027;-2.0648578393735963
5.087189020923953;-6.938128106899258
5.727643503069752;-5.9105624649977955
-6.973950115555894;-3.4346455477519022
-2.59504403483497;1.0207823308249786
-2.92108587140485;-2.871283725653914
-5.27154807171506;-4.402527727038526
-2.6427178380312153;-0.9782013171088515
1.3886747985349484;6.279853409161818
-7.787699016540527;-0.5634859278300457
-4.43384464639653;-6.812114355353158
5.701432357886215;0.3031493590596366
-1.3922663092788863;1.2031189348235323
-7.306618732016673;-7.263357000404678
3.223728345774731;6.620150169720338
-2.669291512681511;-3.847918614595045
7.918675050708934;2.1691855585512716
-3.4041259638670525;-0.4145825492770552
3.448950610232105;-7.661635407227404
3.1664622404822236;2.6696726507922293
3.162554719553249;6.422161388982474
-1.3582437564818974;-7.641760448235546
-6.511689871611994;6.721227741349466
7.988696843456209;5.69362968196625
0.2572496404190794;-5.931137981375194
-1.8977079582779552;7.075312198770289
4.046684809296005;-6.313372671495458
-6.825101254521083;3.5308212158014314
-2.8957260461046097;-2.9632152042973665
-6.38452298114713;-3.2587560457835263
2.7988414301498707;1.7852547237007723
7.311312045848313;-5.3327855851964205
-5.521700575968762;3.1410777388494697
-1.6450288420961687;3.815200262921554
-3.4139729656344233;-4.147685901767266
-6.359446949261164;-3.7612628339500827
5.831201359677829;-2.205982650947165
2.728987650681839;7.134077882755534
-3.1599932705158995;-2.2438307808630036
-1.9671306132299478;7.090524279945301
-6.801350484738942;4.378441028113279
0.013906202222852215;-7.618555696794246
5.47650608841376;-5.277445594909437
-1.1692762602085676;0.28940931600795317
0.46774571769648254;3.1764896478547247
7.162679584356994;2.3547510244110743
-6.333566967279781;-4.103897601727786
1.012906175999598;1.612082101952204
4.786042636776616;-5.6225424021607395
-1.8985454664881711;-6.936023899706942
-6.199690006604957;4.555498345690875
-5.627154358763727;2.9126873606886505
-2.2681005159909304;4.294495485670337
-0.28163882181836364;7.470020167894077
-6.444668913292649;-1.9328335486355481
7.8570723660456405;6.446315172125264
-2.292300036637169;1.0792988814803284
6.220304611426961;-1.942155405900662
-5.526565450232081;2.4763744305396447
5.7513939916022885;-0.6520548269560393
-3.899143952384966;-3.9069876492033035
7.937054833153244;0.2725282006443521
3.7278567334416817;-2.1112644696599006
5.651853822094589;5.317336254343045
-2.9289320573708313;2.5196992625730257
4.272088921151639;-1.3793468159746496
-4.712343050734258;-2.2358516351128426
-0.804595038134698;-7.253821234243697
6.007142946833488;-0.9797969577907715
-3.2160039053422516;2.662985142827015
-5.236224640932303;-1.1889732570946414
4.666879230343726;-2.52153966965888
3.4821776718401853;-0.660141300815086
-6.486182516351404;7.394654734870716
7.57310303797936;-2.4585871716271424
0.7892466172022363;1.0952239770564471
4.2707635839130145;4.751092072348589
-3.411561953889448;3.129196561582635
3.7067998414860046;2.6195431046944293
0.9576028108408874;1.546044195400377
-2.771360549342317;-5.534959930748348
0.48553272693347616;0.2738413295686488
1.8173083122351503;0.1734697800860623
-1.4776899827755674;-0.29730452424607456
5.1443323260975315;-3.4566764428927677
1.2033947235792333;-7.544041616667624
-0.9073102271665316;6.573984045172381
4.49006134610681;-5.9481899007284245
-1.7992997477991555;0.8235491797880723
-6.593789258673697;2.332536288867896
3.3861173859093885;-5.466243867393704
-5.753635700345763;-1.349321121361866
3.49118093129311;3.178820628999757
2.093578190370673;-4.706142609140832
7.898276072721808;3.8115084838878612
5.47228091514207;-4.36267097458922
7.505312757738922;4.036840318948334
5.391905454287773;7.0455748879799
-2.5795563767382266;2.6660708958337214
-3.921399851343958;1.074157068021245
0.9147484470156133;-0.16381269672855936
5.923695044958464;-4.998356109050009
3.8606294343019822;7.066399519747181
7.6877693439181005;2.0164478091672606
6.538351006141932;-4.038897764773143
-1.13991527172176;-2.9922931726293935
-6.440898474221672;5.751449678550831
-5.860742222131156;-5.61628023466638
5.9279446435094165;-5.316645021093086
-4.75093609940194;-4.255581142220906
2.5114833903831943;4.714391792398267
6.187669350168882;1.5924543166264158
-2.435174895225625;-1.2245062920956027
5.6638408972169945;4.541875263476751
-1.2736511581551717;0.20163156954439643
-5.811260393769485;-5.590281838189162
4.806945657164928;7.977954837823098
2.9300527350268446;0.19864568504056557
6.112913927222436;-3.7029948375014907
-1.4621498629328187;5.201396100129758
-1.1054443571569603;-6.504859484797185
-5.998611328665767;1.512005644168152
5.531399354889109;-6.826525920560938
0.3965947110103816;6.2889407623848275
-1.287897239246531;-6.671357990698029
1.4658353273928153;-0.3700104222019309
-2.700288588506295;3.5881549984259546
2.2265083922383955;5.791089382896679
-6.672371408944098;-2.0849390453258945
-0.3198888667272648;5.190967704981883
3.0163052581899645;5.895254825758412
-6.313735667741749;-5.680423163152648
-5.824734071900808;2.7110262433599512
-3.5716660432134653;2.163271126503826
1.0548857094329396;-4.054789582393699
-7.635001064940104;3.329992659298547
4.8297185528097675;-6.095534282280699
3.2278170809490287;-5.127515848071912
3.5417360093588215;-3.511958212941396
-3.9246740392702524;4.220947904270165
3.158742511441746;-2.7074833709955044
7.557778900435272;-6.276107495949047
0.15654571783286286;2.0362556571430943
1.1477756594332966;-0.8264997299747279
-6.728532259880286;-2.0750742720685977
-1.6147479090720918;0.31903367984965314
2.6819460774764146;-0.055774780307979555
-6.504335422495364;-0.8894971994155725
-3.5564836684485677;1.413567226600792
4.010067067296882;5.828520730627719
-6.9065103318356815;-3.669872001577481
7.135282947551051;-0.6565770490770522
0.98909617529638;3.434323583519447
-0.40243386268756076;-5.5695128580718976
6.099673497613754;-1.2185937643521516
-5.708780005046812;4.639202138649939
6.889763802789044;-1.4720828172091434
-2.911100885225471;1.2177514394824964
-2.567240168514468;-2.332345576717037
0.614258921669963;-2.2530563299596125
-5.043694592175129;2.970640065717845
5.425880738972676;-0.53621957354604
0.8635575867223579;0.8013088150278289
1.3809190911829532;0.47504701478912104
7.648108457181834;-5.236822139787586
2.2563941574449835;-5.639546231654643
1.1274351343180626;-6.799131665917674
1.5979265996553504;-2.9624837738269036
7.510604450371517;-5.86808345978455
-3.0704265009937117;-7.767819427306627
-6.584881788935268;-3.6234074381005374
4.262243167025504;0.5969132096345557
-4.166968558369286;6.277770065962512
1.4737066484753498;-3.1230231237792996
-4.459024309953957;5.226784020459583
2.002038719787297;6.423943563013793
-4.874045258091652;2.7770461222194722
4.937095584674699;-7.694641046313576
4.262321705600732;5.0540654998067644
5.445884555791533;3.2918684058173753
-2.2726775581925533;-2.95592858438501
-3.689866644488344;3.4764057543860734
2.5784325049944954;3.9905563400328443
-0.04109993726319061;6.068278180253657
6.054174058953416;-7.341228165583175
-7.034954648415503;6.742737285788696
1.219934284028275;-3.9195335738134762
-3.747400301691899;-0.4289374236242107
-0.4204712873030445;-1.4574908772655277
-4.716556104175169;0.8496576444499677
7.264425288222116;4.749657671116681
-5.091236892419074;-0.059071764821640116
-3.9505174017985336;3.604733997566159
-2.579838495637631;3.4957251855466467
-4.587322969443369;3.3682889340512023
4.931762450945531;-4.2279694651953506
7.433207320863664;3.3938991803716902
-1.9783020819995247;1.7006761832561104
6.235684130818182;-3.549694732458935
5.366518955868624;-6.400784469067853
1.3961258663732643;-6.705832165957961
-6.920071840824297;3.701315225257293
4.989992045852116;-0.873585389662697
-6.599900875702382;7.48722106092279
-1.3439422619684755;5.514093834605507
-2.9165732775885598;1.027709336824124
-0.3454792244807532;3.697012643204017
6.513811230531106;4.964825798037236
1.948273206996987;-7.62086128301125
0.5685324304152441;-3.0347489058619708
-7.933759599968202;3.2367854362144612
2.314997169404853;-4.144454229970226
-5.09489612175685;-3.835740878360326
0.23298447052343363;2.710884086938508
1.814259575769153;-6.647689808558907
0.3628186466168071;3.563925954514893
-7.505859484965242;-3.8753467692037784
5.92829195447454;0.32725863552092527
4.237275590856154;6.741908401356703
-4.253984744089195;-3.7274604200510097
-6.475420026174801;6.482368525123624
4.4231002287819425;-5.183090368139132
4.464499712247955;-7.801441496422127
-4.216710696025032;4.81449136787306
0.4062518338011216;7.933416769932782
-4.223989981689581;0.2554303662380182
2.2299111164047325;-4.996872770469281
3.6279374067745778;6.4289545369439445
-7.770359036252392;-7.115821260557462
1.5432049202940572;-5.045076913393524
-3.1626407354180177;-5.963712797941591
0.9655846552063352;-3.5021160539795115
-6.236947395693766;5.7695405463367155
5.311937401003052;-1.3095792497508594
-5.295408751240435;-4.306331710200052
-0.9256430217792264;-2.763392853284568
-5.828368142134336;1.754172557456581
-6.578329824056052;-1.01038743849006
-6.766012879788507;-7.335563112004266
-0.8386929806986512;-7.0467193092543425
-0.5118578852523488;3.949788861650374
-5.116006940171053;-4.304873536586083
4.599451584798405;2.0991784820634187
7.156256445218823;3.2197996967610685
-7.86986567903938;-3.8591918786682964
-6.559563964779935;2.9077588314521936
6.921347729960761;3.9251221866966173
-4.24309706619905;-3.4024145167260773
7.145617881364862;-0.16206260720617927
0.936340654936556;-1.7802344844673748
-7.631834448347853;-4.8888109933322585
3.0304606742776254;5.809688393672907
4.431151384262597;-2.6109245031741537
4.5491363583638815;2.361941445704579
-1.4160356967828793;0.31614730054861084
-0.729518582289316;3.3458348592070983
-1.527103351983504;3.0549440059615325
-2.8510258739403866;2.8781903831620284
-6.777004268283436;1.5171527075295366
-6.742715681432442;-1.4789533103725692
-0.45008130254913503;0.837804529344595
-7.286049834628987;-3.743587229176443
3.9907774280528727;5.365479297945338
0.96555092589049;7.285739982994764
-4.567261974510629;6.446784621059491
2.1697275553143385;3.307709101728932
1.8953805704083013;-6.459148241093214
-6.261559213617575;3.502311023373945
-5.182379262036598;-4.083390850815098
-3.8099292820142274;-4.306872228416401
-7.806634261820335;3.5618469635206047
7.018565455890975;7.066842178507423
-1.7776317262831807;-3.2515265312596
5.778110888051952;5.682540120134295
1.5605401240670513;-1.1349483016501054
-7.000762741887568;-1.3530472939067177
3.489581682740722;-6.372447821030352
-6.977951709726138;1.1623286377010693
5.554050413343184;-7.0032181462586784
6.624485780999782;-0.3366582912719043
0.2376148982062407;1.2275060270910725
-2.5873636233320987;-5.196367783156953
-5.671340726115702;5.154266372990577
-7.337977373458063;3.491408637695324
-0.8793229885511682;6.7272692085453745
-0.41662037208070224;-3.644055531369272
-2.325848948415299;-6.221524258805035
-5.435599397610671;-5.039126332070184
-5.306707963387476;6.7090956485477395
2.02565002283451;-4.675396452855091
1.9645115056582867;4.594366080543107
-4.657695342275664;2.02058151480991
3.071047267597473;3.613423011587722
5.467920483391545;-2.525111294794936
-1.771476355655281;4.119001761184377
