0.43262536727261885;0.48420139287144076
-1.5931379135823447;-0.6186219322784465
-0.5918047471806194;0.8407279396171836
1.17588364611225;-1.5615575544334233
-1.0600315119694654;-0.037525095682977364
-1.6651223407248688;-1.208494940261467
0.6835622375649015;0.03371888242267199
0.9698414484059689;-0.6283713850668238
1.0143961089992959;-2.3759471378286436
0.5156706489341905;-1.8962825423101366
0.9290299360199742;-0.5164529299710896
-0.09850521681715452;0.06171445730763392
0.023885367025264448;0.4350885757880666
-0.9910512965959167;-1.038698550503726
-1.257018236223587;-0.3314191522617107
-0.29010788236600216;-2.087297644012687
0.6041410850253659;-0.6396920554211492
0.4188601803441713;-1.5282719759542258
-1.315629959882679;-0.49433961169327567
-1.992622784991014;0.2756937089221194
-1.692688137164521;-0.08905866313752608
0.8520618804027942;-1.866165801431281
-0.004774016757058491;2.579282925804958
1.220190124878312;-0.6513968577441167
-1.087409440543834;-0.09000071774991467
0.4387307279299839;1.2467649295576835
-0.08378111867106885;1.7501843592204749
1.179349649295874;-0.5404935082529885
0.10727036014405811;0.8207565182337949
-0.4022000800330329;-0.014333196571522988
-0.10984312069372099;0.9620598529195632
-1.3083737509570987;-1.000297915595619
-0.8215007089735541;-0.45356794665914985
0.049369599669477515;0.4912477085404594
0.26344726392891893;-0.5804436057109359
-0.7918710262243376;-1.8482390695057174
-1.9959177684931904;-0.7043066288463183
-1.1253338699095858;2.025786933460272
-0.9888079320678482;0.037413232679963826
0.7995868838323434;-1.8618770308976451
-0.07317059310347862;-0.8499880201330162
0.8559083517997228;-1.2726890015732009
0.9465980199917188;0.22277478992698807
0.06287789102741159;0.25823685939222385
-0.34730030784737653;1.511536044252965
-0.6146664781931168;-0.4142647968242499
0.46574672395064964;-0.8064312537240191
0.9252921548227664;-0.48589632286447587
-0.5739645141242415;-0.9184474128041094
0.21938373556579882;1.1893264796496883
1.3698105847673394;0.6687008477347063
0.1400723309824539;0.24893852220369606
1.200742245253334;-0.8096070482746636
0.8690156780579678;1.560999413955777
0.8037592502821632;0.6479304459529058
1.2028950314302695;1.515404620713165
-1.0936189923485276;-1.326593671847193
-0.872543357155752;0.6942400122942257
-1.085588280146352;0.9693166309724522
-0.22280120875511694;0.7618666293377842
-1.9360532977411533;-0.4993500898758695
-0.7634812912979224;-0.40419337811616163
-0.7458483646258193;0.08927641709912804
0.19808000643577073;-0.2399544273578763
-0.9378909273086873;-1.285345228093148
0.8110506165121798;0.5445286108156183
-1.5634494720263563;-0.49174558637477556
0.28761173137806945;-1.8315748172280695
-0.7694968089973175;1.0193472123891774
-0.2232658692669296;-0.9862223201224436
0.5176194178668959;0.0003869842901274012
0.602076315732381;0.3319745749590435
0.3536583816776837;1.4393268780472603
1.1189600009370244;0.7330993996485763
1.9599817009273046;0.22989587762395614
0.34780457284320443;0.19441756714486558
0.31336700759237834;-0.42998819205913763
1.0955722243130575;-0.27767173149446633
-2.1990495833816186;0.8397838169260161
0.3669100715461302;-1.177448390537502
-1.261048496305777;0.2999143029931182
-2.2358675863970108;-1.2318791816236325
1.5596553269885451;0.8272204259532359
-0.5358095673223571;-0.8883050659965779
-1.6785756690055633;-0.7431892978398732
0.2972832752969612;-2.049328233673508
-2.427008342124645;-0.7382877936035395
0.15570813992359844;-1.4622986343011095
0.9148893982858313;-1.7392550467048271
-1.5367721525729157;0.9070772350399721
-1.1794006481103767;-0.06466693150009997
1.1634335071108106;-0.044516287371650864
0.5007546633177169;1.665463967623958
-2.1958054547490455;-0.15063720279499188
-0.4762575001518254;-0.03163047442177841
-0.059067167248184616;-1.1348053317880529
-0.12394776543329733;-0.4153434864656713
-0.342731894833343;-0.7408828770202325
-0.26364838645421407;0.5231976559433262
0.09443674908753352;0.390273041108003
-0.844345153540926;-1.1617104203824085
0.06765233528124706;-1.376197354149642
-0.18632827224846182;-0.029941866695115144
0.3764630181434059;-1.7607339356221585
0.8441152388367184;-0.6265111259797488
0.047485519157201284;-1.4048960066070608
0.49162930433635166;0.24938319498726136
1.0445348576168576;0.06778834072781852
-3.0487389760498305;0.3098432778128568
-0.5860140051312379;1.268022208714262
0.15481038226794663;-1.403086695273581
0.18112140364434565;0.5902457755990115
-1.6799621335168258;1.5094275297360435
0.7919922642129957;0.43996338111136
0.13199244596065998;0.08066308708297953
1.4095465396159115;1.1739563746732589
0.6118878327070073;-1.0914296635628549
-0.17836806840043695;0.2553759845241351
-0.8534122918280659;1.1998839572706472
-0.4994091157349633;-1.1106822051512302
-1.2290661514122334;1.1389820825510728
-1.4877652338563978;1.299703459978556
-0.8965935686500304;-0.9068568834681732
1.9984063017216704;-0.9886031696613002
-1.129829938620345;0.07943303358019568
0.31539354444055956;-0.051700403834360927
-0.8113502701292317;-0.17584165377103145
0.047526666130919604;-0.2204384855557575
-0.2843135697504657;-0.04657041971206333
-1.0689400431071454;-0.9717462680998368
2.665937804981322;-0.0827156273640186
-0.5446816609462742;0.7995134944970091
1.1817438238761089;-0.5649621432154814
0.45019963914137995;-0.6248874661987001
0.232300792102895;-0.7570482832245314
1.1675870953037155;0.4526759847475956
-2.279982245553882;1.5859972021915607
0.08393249436693657;0.18249113834012654
-1.5224086594904436;-0.48104168819984455
-0.37498193408178854;-0.6090647786453784
0.008836874328879918;-0.912862575033164
-0.8338511523560063;-1.005865962482175
0.24536286628003112;-0.9006791780517954
-0.5507331087484842;0.40303679998439723
0.695986344406328;1.8922194494733158
1.7990207340325184;0.3226114851242085
0.9460567129719366;-0.6254570644060684
0.08256685218619819;0.596110621974809
-1.2583790393671284;0.3804330934268769
1.889854917366079;-0.17453459729525223
-0.05891857108372883;-1.7216122876789028
0.36767062185058763;-0.9596640620450503
-1.8243638237068087;0.06452282928315173
-0.9817866840867342;0.4038533939837712
0.8491050479526131;1.3667290809697066
1.8558784402407627;0.37583369433472713
-1.631734821853779;0.43660895782494724
-0.33701267851100725;-2.180707031746363
0.30924369314374445;0.16530565945490616
-0.256816908455876;-0.6430865941243298
-0.06435535749780974;-1.3375222281638852
1.3863408969759288;-0.8148047511049329
-1.0305234444839595;-0.14696319194043395
0.37086114809243764;0.1586347999447562
-2.3048078344525385;-1.1497643927065144
0.024261720411529852;-0.9299826521843411
0.1796280502687264;-1.1400732240417981
0.7897947034365078;-0.4449046139948251
0.6389685708861244;0.019777431995442775
-1.1809130483026289;-0.36945921139875004
1.3627473390473792;1.9745390613841234
-0.5024771769345181;-0.669121599486837
1.0891906735300096;0.3097892761829839
-0.676086222491201;1.7307269332885054
0.9690745559162897;-0.5501846725540451
0.5493084265289548;-0.5594243305081568
-0.5626900009279673;-0.8623164618954537
-0.3544117422976817;-1.8157095117773776
-0.7058598015963744;0.17977880488526032
-1.4701268152874025;1.2747455838432926
0.6639758569005263;2.112035907643974
-2.080078594889824;-0.3181810224903784
0.7571363967450513;0.13849282128287016
1.0601680126053683;-1.086674016999794
-0.47767266565622457;-0.19102982997791274
-1.0287388038404952;0.8586494181004594
-0.3509431421227028;1.0536578479824628
0.18423482026732813;1.2578614411507636
0.9150934424579243;-0.04499227789030619
-0.13005531301595974;-0.359360396204797
0.9109027490050976;-2.405818455406323
0.23462624885690797;-1.9395579610025901
-1.0868893067218992;-1.7526567514125977
0.3114715416472776;-0.9510297558800339
-0.13791973269073787;-1.5067799016182883
0.39152413332230485;-0.5440637851817369
0.1737425593364118;0.8062624650212326
0.250103465960421;-0.9529136323685482
0.7408416329956942;0.15780969908004583
-0.9817190664002075;1.011532299875003
0.05109427882286244;-0.00711884793145259
1.1467209649050842;-0.7735342309706171
-0.9670935416231258;-1.665460750289522
-0.7945587860922655;0.44555841651463113
0.9663732428116729;2.163334511241869
-1.2066958586894225;0.9911201877533331
-0.8873647875065704;0.6400051377079763
1.5115372083547252;0.9565409145277302
-1.4934132975781886;-1.1665188622305553
0.2828134835020778;-0.7983800651927297
-0.156407821224509;-0.09819444664613619
0.927653214856185;1.1309872889078902
-0.8040882107169102;0.20512535379470997
1.1295418195185654;0.7250304179274216
-1.2618894515959411;0.2862215883267866
-1.350601239031139;0.18092065786194111
0.3023090730037127;0.9498917482785436
-0.013467711428196638;0.5563082450753525
0.7120996433331614;0.25698967701040465
-0.8422951032650893;-1.763180429823408
-1.435010319870784;-0.4112775233112991
0.7682340275770128;0.30819142044442926
-1.6917977698617568;1.3676001801375568
-1.3363713525288134;-0.3479582239866801
-0.7458079974631748;0.26029500837827924
0.28711615486317266;2.1173477668091563
0.3242945819813646;-1.5077605692744798
1.005326088030994;-1.2875240436904347
1.394381350292143;1.0629446260694246
-0.5974815813067288;-0.5292767318428155
-1.0831133381994764;0.9567147791118394
0.8007719753185445;-1.1365519910042652
-0.18227626388460477;-0.00045568559029418587
-1.9100891633267962;-0.846813650326228
0.9222869784728795;-1.1285667843349259
-0.055682003212699005;0.07581863530724703
-0.15584827899127762;-0.6540785635028591
-0.020979826952603472;0.12383354937245694
-0.8873343903092746;-1.7517071303199954
-0.4063886420394035;0.10195009443928915
0.10834607055786187;-1.3847605630213344
-1.763935512303163;1.6176285915048099
-1.2091063137371887;-0.10274926752172514
-0.6187764339683954;0.9041788818968439
0.7004689439300489;-0.6540883003883855
0.799463703642785;1.1035829250896887
0.06545940874951711;1.203037978627182
-0.8777755384353043;-0.6614450682432834
1.1634011392114583;-0.8277145930370791
0.16582352313102555;1.269234918763266
1.1449751864457973;-1.4017750089017202
-1.8350929835914247;-1.8229301077019535
0.14071253475937107;-0.7652692263201816
0.26275464930879977;1.0209917368168948
-0.6904838144890464;1.0995105371654792
-0.9173085068832741;0.6813611360885159
1.2278422419411505;0.2347343325729374
-1.6362831289144029;0.3300187284615696
0.6410474959169987;0.01742669935582375
-0.9311837831291985;0.8682628232497004
-1.3304172848125582;-0.04922494755785889
1.0905339112713588;0.8483322630790705
-0.5371021147960819;0.3466864720441234
-1.563525008143917;-1.4366123771928412
-0.3340265693739131;1.4828766915024079
0.5459497310484078;-1.367294774387119
0.1988176323190226;1.3327612024697755
1.6498463218684718;1.1851206129926901
0.6255591423781579;-1.3142511336822178
-0.6621079055578106;0.8533665447187435
-0.8951649063419373;-0.8665411775920859
-0.6160645598878309;-0.2795317373793016
-1.2174381852445824;0.2872401542482539
-0.34597934929860025;0.5271535466030486
0.01540883084079181;-0.3146052578424362
0.07767449948749716;1.0339523892254343
0.5980545965060278;-1.2162294108849365
-0.4142700644285131;1.8495052199923552
1.0180644212035155;0.27286180772113533
0.25608792141935177;0.40094419029290485
0.2732281338115249;1.0632025758996304
-0.8780563000749974;-1.1187851854613833
0.5720372099835025;1.5751946704409563
-0.9786779023954463;-0.3214869112212886
-0.5770655991643543;1.5831422949860268
0.641430248916383;-1.657198676927012
-0.46459427221102445;1.3081250255181205
1.661847524253536;-0.5294719778030698
-2.1902996991618098;1.2512132533173277
-1.7103367448817457;-0.823769100307838
-0.3179307273583722;1.287496238262695
0.9273717689904075;-1.4245997370914165
0.19890274174991374;0.4973082810378834
-0.23083079884877414;1.335429159982313
1.2567099405959519;0.6536045560615034
-1.622211806211329;0.1418766776738029
1.5391067767121505;-0.9777968141065195
-1.7337360239843171;0.8402369857614513
0.23615902129868865;-0.004786871557986849
-1.7599775290309891;1.267207939971387
-0.09860760284632175;-1.081374955790265
0.6104530005919157;-0.5456818872362044
2.3531215343768586;-1.2394611667101394
0.4550641509579024;1.3009336080608578
-1.21661276248997;-0.9018255227267037
0.1953966206732815;-0.14431010471261652
-0.11045012375610147;-1.728380879940509
1.3582772646512171;0.21265273026038234
-1.013302152535923;0.40162109537407376
-0.6807133375959012;-1.1157004538940272
-2.0155840743625815;0.5724912685566363
-0.8554596770253023;1.4778113546507075
-0.5013564591169757;-0.621400407024298
-0.2617880065548174;-0.8618375057577278
-0.8909825913191465;-1.2739551735551262
-0.9223273259039143;1.0428880886866119
-0.3360756603639062;1.0506344045050569
0.87655622828275;0.6619221799059746
0.2529985046406443;0.5440460629761106
0.6911434588664225;-0.38387730543881177
0.03926674008384867;0.24142215597401256
-0.6420519306250506;1.1603740868562018
0.40075634419098605;0.20141286130941893
1.4705629126745372;-1.2105534856878268
0.46238885688882836;0.05705447248580375
-0.7915827206601042;-0.0593372653146989
0.20469011104530377;-1.1655782046374608
0.39269309969862076;0.3024993728156183
1.3398585048865381;-0.09834466559103022
-0.8726899374497762;-0.6281767244500667
0.32038527866177474;-0.27530896035510355
0.6542963622413603;-1.6599198716391583
-1.4638546177052918;0.8826747317965875
0.4141044449975955;-0.9104268063519082
-0.011604771325989915;0.16627733109889808
1.954270009451906;1.0654577909605782
-1.9922372501922125;1.0527098459010644
-1.1585681712346172;0.6726303085453986
-1.8992647223722106;-0.20847092383695598
-0.4865517449160195;-0.10588997038535153
0.8826225502604829;0.58203794156287
-0.12008308398176692;0.5524764295790171
0.02059224396513698;0.2420864803123629
-0.6071448200974693;-0.8208512241415584
-0.513674055416522;0.2821027828574274
-1.0996394818068163;0.18906051640858756
-1.651364789915215;1.4556076308074037
-0.07134170265767392;-0.7291824897619281
0.8707765667727292;-0.2422209424032214
-0.4876011119385253;1.2356324455395251
1.0407390386702038;-0.5855613654125861
-1.0548754329918795;-0.5065624717357784
0.6247479768204366;-0.12381372564436677
0.6138122483859513;0.18830744703918678
0.5717760763982611;-0.15805280494681972
0.429902152658186;0.6179025826400034
-0.847146720209244;1.9789897398722172
-0.13249193574058743;0.0026102685778947032
0.24560564771776144;0.6427492722036562
1.4058314379261576;-1.222647582650199
-1.01021918604985;1.0681325833673525
1.2008442536667108;0.39123054692005066
1.0173683710255756;-0.5575534772892419
-0.911244994785603;1.4450022215345841
-0.567148055359497;-0.640175304993752
1.1692797922196538;0.7536223404682538
1.0311224019918848;-1.3966587641723271
0.8413109228223563;-0.434308353927523
0.5163395028093254;0.010107430961112607
-0.17934278815939728;1.2317045258943364
-0.1623743244713567;1.2987186186020343
0.7842762105272125;-1.1273332961887599
1.2366864233928323;0.5012823214042483
-0.22458838852045393;-0.37428577172451627
-1.4366493263354658;0.5521353387360317
-1.2723090899913092;-0.3056568124126019
0.3435888873733285;-1.4304149695883863
-0.3470193748692266;-0.34840025052260676
1.7760146928410934;0.2745381568217362
0.05506338523117374;-1.0960008383112165
0.7686642346601307;-1.4584627562693258
0.4482930691316334;-1.6612390380558903
1.5477027820095466;-1.7863419894969432
-0.44615365344198477;-0.5368982181657279
-1.1773404429495538;-1.3364665106161406
0.045625245845230866;0.8416417008795247
1.206766630846958;-0.21423347900962247
1.5564972781557405;0.21134975620992724
0.5986771079137893;-1.712550105200287
-1.2515472324331745;-0.07591221116796998
2.9566824741586792;-0.33864785450756296
1.217648357363314;0.3958210263968266
-0.6024810198422346;0.9508238029461834
0.779417854924426;0.8676147060232646
1.4577202105898435;-0.6735863825285566
0.189274996640642;0.6588237795876344
0.6231558434838844;0.9811798067117242
0.024482655677729337;-1.7303159794027094
-0.18568637549973266;-1.4107932205754348
-1.0850505743117653;-0.5219127614523524
2.0229655407307496;0.9566664724809875
-0.6039172419249834;-0.8456126671321665
0.06253611469480558;0.6480711990561873
1.1217996968961326;-0.10625269735722076
1.9565319079503252;-0.20212343628152862
0.21997651608567376;1.4652315925697965
-0.2253576744707937;-1.1524832816846975
-0.1071518799742518;-1.072512213558021
0.6066967867829285;-0.9074398126094331
0.8928928870887396;-0.06939577285532383
1.2541750821036546;-0.25211575830535604
-0.9417734261234362;1.9502838270937255
-2.463224465920751;-1.01959687231338
0.458548666212343;0.05004295721729368
-0.6012680010992779;0.25887290795257895
1.398274382291757;-0.6536128937524128
0.771094630409819;-0.8442764824306853
0.08413011199300593;-1.8525963089944624
-0.1708858306978746;2.050864308692034
0.032294299095454476;1.2509404158666526
0.4400184465052403;0.5231966932622294
-0.6171616636532201;1.2687102022071517
0.2186441340576104;-0.5889266391215426
-0.3959103085518457;0.2587466154845561
-1.051016663892206;-0.5844444789951326
-1.573864829299131;-0.6894153008799915
-0.2546349181752847;0.08927109556774693
-0.8028612078205666;1.0866835365168654
0.25311201782991966;1.2115233097054041
-1.4111804896292535;-1.0729015132802315
-0.4469826904269252;-1.1560428979041197
-0.7419925078594127;-1.496693830572541
1.271958301561771;-0.29999028075389417
0.9475840200999082;-0.32351478968491787
1.5150865543368839;-0.5509076925823629
-1.1426305937575205;0.12166002732947101
-0.373556727549216;-0.5094178202634204
-0.8512233190824746;-0.6930549669025562
-0.09865300122851733;2.6264170033036582
0.5516723457402987;0.37723778145282066
-0.024430145716548668;1.3277631535104428
0.1303164704848312;-1.0346646357347002
-0.07035236364659059;0.3622370786462523
0.9995051398360653;0.37218895401161134
0.8005927435184098;-0.4331405706413405
0.0803655245418254;-1.3364477395328151
0.6053374835369529;0.238964222124669
0.43247812002009395;0.634900754752437
-0.7836963513817298;1.0806906169095172
-0.8415103719096336;-0.7579134822572834
0.15431106573087705;0.03787663503956695
-0.9342011731850592;2.4122237959468236
-0.3446829211883222;-1.2199010464167963
-0.6310018696568152;-0.3910216877743322
0.08936167254273751;1.0775321958625106
0.7301674165214067;-0.48546141673740784
-1.3320503058198243;-0.1857286643350622
-1.6368769233915268;0.0058717642097692035
-0.08815726214479563;-0.19939800970316002
0.32109428597881273;-1.0224163237831498
-2.450313806178589;-0.7988309529697273
-1.6965671329811602;-0.47779263644360986
0.8709677444300266;-0.4893144398503774
1.0064317680642616;-0.2082858212172256
-1.4569384714421512;0.6732560636441688
1.1345550408876357;0.0014163241286031247
-1.1027696456422882;-0.0900984921762053
-0.07475331278985367;0.028260242523777568
-0.29843460740688826;1.116921547268506
0.015085977435451703;1.0238267685201676
2.0146248917195426;0.3309691514033229
0.44402857417441;-0.7651440206654313
2.3656895153544593;1.2302964176655626
1.5606447937997372;-0.555733835597688
-1.3852488249220327;1.2237409029881077
0.8593556963296948;0.7557481610981815
-0.5617514617012195;0.9459171911574222
0.8943971780560457;-0.21573038691625124
0.01790386511930231;-1.7445593077113952
-0.3276157332071685;-0.12073779428745018
-0.19814002905591943;-1.6272269920761937
0.020924867479148235;0.3066325444526409
-1.409676292757735;0.6065358460869644
0.8929429261864167;-0.8967882090332348
-0.2263765744473597;-1.0803117728059408
-1.6936850338231868;1.4500335182919368
-1.220956752389505;-0.109937894475956
-0.0957880276931895;-0.5194540077348266
1.1788950726190808;0.06631992483892421
-0.5302857920101336;-0.48428185981493743
0.8991812917067142;0.19755924732130725
-0.6742615174281498;1.4733457149457445
0.10337260189025621;-1.0739910972758357
0.21906001973588;0.8979236438381101
-0.9773148333534598;0.29749975725653865
0.2960816141757266;1.1812327018091455
1.0171807305418605;-0.16819179403933004
0.3425888876000627;0.6026043374009402
0.30581949902880723;0.8219509242487164
0.14445220262901481;0.3889652737590074
-4.866139265716262;-4.836900232470187
3.1014526661634783;5.4070972631902805
2.4210858289209067;5.01026098415783
-5.833724272767476;-5.063020728106421
-4.735819755353946;-3.4300854313252387
-5.519226173418561;4.923901960770518
5.811636849980848;1.8830340018216098
3.476873404985861;-0.06486055255373913
6.893030372299908;1.776542047262346
2.6080925043601546;-0.3811337808168016
-2.94798212120363;-7.496937702561079
6.671096208226107;-1.3859303431161276
4.245926515969909;-6.923839267912475
5.356697269016609;-4.234052968831611
-1.9051571908500229;1.705647218666158
-5.394418508960946;4.113984619870408
3.2827890902009838;0.9299598217824254
-1.9288222781294913;6.143397669652963
1.6070707420585109;6.026466363739724
-7.042954721772279;4.57676997572781
4.0004066066071555;5.433880632954137
-6.297462082143785;6.03078405476116
-0.32635043728801705;-3.742434526594689
7.547794211487851;4.619526316903265
2.0237761301716137;2.3695268750513296
-2.040431448083588;-5.988365642836387
-3.671897886389413;-1.7958786745275592
5.655516182538735;6.986321366196027
-2.9728799904811734;6.68051275560715
3.042056205673102;4.736105823285694
2.7347753191363786;-5.766444635343872
6.426172699798888;-3.8842094376643406
6.890791339041934;-3.9727240887477517
-1.3742348374589817;-3.103579671651392
-6.135825916292717;-1.8342238513928084
2.538270978309397;7.252428140486678
-2.889673043070676;2.9555670866526604
-6.935950165456093;-2.2868307376452943
-1.4270541729111716;-3.2632177243856653
-6.739314049743564;5.908293807088242
-3.4915676307461805;0.791132530404921
-1.9272600165645368;6.397185314706542
6.659237484580871;-0.8621918368870638
-1.5750469323916114;5.909821620708005
-3.3911919338463488;-5.56844366570073
-2.54231358067587;1.2184472595954343
3.710445993675563;5.832252001799812
-2.331706737298969;6.4607295577511135
-4.464042291837121;-6.919242399647169
-0.14861296899659315;1.7097960032960149
7.845984454756987;4.007149192128482
7.686235483101562;-0.9159751474229978
-6.238080095998269;-7.532086264299773
-1.3270033147801836;-5.432255888390971
-4.183315650527772;-0.5624725168998754
-7.455400504618387;5.179011769730321
4.5651318104161245;-7.472680034912646
1.3479627282768707;2.2916029678943666
-7.81115000990035;6.05741671534304
3.5970210489495393;-0.5636758781689171
-3.708049170505266;7.403907550360689
-3.7680329788438343;7.782333012558235
5.069398705786094;7.383278975450365
-7.727339237638645;3.309994270378599
3.891575406716642;-0.9308796032948443
-1.5830955441026937;-2.0000645004289392
-7.7981153789646545;-7.5589295223833375
0.9859339790255461;2.0833441024794546
-0.10938085322158564;-4.691757233779439
-3.0740830525728775;-1.8706469415364229
0.16969716358838305;6.809122458487629
4.615933124341863;3.8750809951977345
-7.11677972928617;-0.9874440821306898
-6.8903196181298245;4.728358825320678
-3.5206441638100223;-5.235009606986855
-2.338346037557965;1.720016762168525
-0.2247284296369667;-2.0652072781586295
-4.407312008947452;-5.483620454104853
0.3634762116355539;7.187835255259769
-6.392142894044907;6.1017716609277635
0.6303645268493465;-1.5664854338844005
1.9576892566809327;6.048525510623779
3.176200566189376;4.920513572748453
-6.163202349974686;-5.437291246219232
5.1711453269900876;-1.5735824197671402
-1.0116667031266466;2.5995847452409766
7.490269172240275;0.5857400386805889
3.6807681498914224;-2.186816706977451
5.114491781324254;-2.19209258854206
-4.6404560988046395;-7.506134654655671
0.42332735995671733;-2.561586899298101
2.3654894447838615;-7.203055242489015
-7.689869525805529;-2.2054591319404278
-4.964047635524231;2.529169945645233
5.446728380367686;0.03772653941258497
-7.127379245454264;4.585056168197406
-5.4874227790181145;2.7605369199865386
-3.6076559369903958;-1.027062497899994
4.589325238092929;6.390251934934595
-4.1351772023704605;3.9083059989240247
-2.330530814238612;3.1770878209468005
4.052168160505788;-2.5577460401497945
1.4441770288647966;-2.145426002354389
7.221069649915487;2.711877728582678
1.877015879071207;1.1842152886703143
-6.185636955047439;-1.0524982787027923
-3.04800016866305;-0.8263384271050302
2.4431627897161423;2.409381800193117
-3.5541232429685685;1.91434579670819
-1.4968612872626146;6.817003302261151
4.658993134484248;7.721889075755241
-7.62850447903317;-3.4765878211734673
-2.1455117286781356;-6.430682502278984
5.245188728635084;-3.1400699138732975
1.571160863128613;-0.8982709010639773
-0.9075972666044887;-4.912192651899705
-2.551834481774126;0.39341211193928416
-6.63401184984658;-5.71458454731763
4.081673607975464;-6.329533085123034
3.045983928570843;-7.047794134899565
-6.2053220141921095;-5.186140242534613
-1.4909163701246069;7.585196795400977
-1.4278242104244647;-6.420315761030599
-2.0362648727991317;0.5646831975793241
0.944121473400557;-2.8134185952461284
4.511518190386113;5.408704952393517
-7.021636367448586;7.153165612661013
3.440404831429891;0.0958361913815633
3.1612312107556253;-2.252477575468779
5.914752482339512;2.8572522328442016
-7.903142503539849;7.881914536537419
4.462220211934287;5.595044003503967
-2.0793933612982904;3.049193341271401
-7.115950078687508;-3.174351451339227
3.9041753172197478;-7.747763933745421
5.256823701800666;-1.2274975102360948
5.496638918231014;-1.346549694328397
0.3800724445206747;-6.632491333248378
-3.89203136037667;-5.445148526903472
-6.874912764223131;-5.996252340835515
-1.6714416098624483;-4.420864553310567
2.4266091717169616;-1.849271455822242
7.700296570603593;-0.8245685329532719
7.0533137286138174;-2.3413834324076834
-5.392813711870765;-1.7778675507139319
5.8203526961528365;-6.896265049360078
-1.8758097511485836;6.288128847147169
-6.824304081262731;-2.2059229177143287
1.7337822113161554;7.202883312343257
-1.0682618244740905;5.651383983967875
-5.074134534899569;-2.3272510258717336
6.638643158228646;5.340845287229522
-1.2602683277191158;3.9059193070024456
2.3042863315340867;-6.302784355910722
-6.183848706406177;-3.2973209632971887
6.247277582471348;6.65771863096052
-7.170121476509657;-5.880380260763726
-0.3718056443855726;4.101028138081354
-2.7320585100572643;-4.533617112503334
-5.947683812029313;0.0009586430601213891
-0.8640413880151971;0.49990263888671826
2.8729899066519717;5.487017805504562
-3.400622820619878;3.2001952182266873
1.7724431921419441;2.668299755188249
-4.1637259784352345;1.5726026557882609
-2.035527206998358;-7.827170966972696
-2.5752539889029205;5.322196591310654
2.01530558562882;-1.1365861174163907
4.386113632351723;-2.7572715088445428
-2.682305763237947;-2.833971984406565
7.083282618968351;0.5537655816655818
3.535180320391394;2.0645370884134273
1.3870983012458051;0.15886587107174144
3.382638808347597;4.206865537377032
-2.477304181050263;2.7549334447263387
-7.784297943367088;-7.33144183745825
-6.149634524459177;3.252412140342239
-2.5683576559153227;6.960116609279181
0.6792551890741194;-1.5910872040257082
-5.873035862795328;-5.413887105155659
1.5207472191505573;-4.211623220940469
-7.153234809874304;-2.689188796047306
5.544949444785329;6.875041920064481
6.158550399453674;5.569664137729417
-3.5971835184473555;6.386982251080484
3.300373388128099;-1.176812294795413
3.3980637825243303;-5.743922671890582
-0.7013648976645364;3.483692332782658
7.213034214429056;1.4958018677109521
2.7824955740979664;-7.349392824047273
-6.287439709536027;-5.496511645558867
-2.2568842130009656;3.5090538255520993
-1.9719841437190855;-4.7839450104046986
-0.8359644083736306;5.31975733767122
1.278103689460087;-6.6678896361971685
-1.3767581646001155;1.6624858721743099
-3.2777554110020066;0.8485999014128254
-6.3298152473213865;-4.18456373451275
2.7239473006056407;-2.3483810014255724
0.6665667852105503;-4.00077916398007
-4.914871641493688;-5.130327522660522
-7.682289876584617;5.569561575510248
-5.166208866333179;-6.564975230101263
-3.091851831671441;1.1576432363836027
-6.244448324354785;-0.5565958468130603
6.092045630308663;-3.4542500847885336
1.8096485325980343;1.8239395249146764
-3.2364223626306448;-3.7024419648947653
-5.6980778718775955;-3.144157601919897
1.75588725462684;-1.7723827573225819
-1.0134885933213784;5.110093645525547
4.5837982254815905;-1.1099143462817054
3.5035229905395546;2.827746018701223
-4.396394702098522;5.989693590874122
3.767577695121652;-0.22185863057423028
-4.480463895720883;-2.4051967978614375
6.30805989570738;1.0030374980190366
0.0830732572606454;-2.62201614257072
2.6292056955976175;6.4683292326467665
4.138121541514202;7.948300226610916
-3.4549776749526018;3.3988558391087818
5.225328910917737;4.234714561821205
-7.16317242291794;3.351064740040954
4.820267126052981;-4.515875823281538
2.425009337828298;-2.99069121954836
-1.946969472319278;-7.827642616039238
-2.008493376170831;-4.605441869386475
-5.187588347777993;2.724998142560807
7.814286709943934;0.08098049896742943
-5.1784918226433145;7.2456440404983535
1.9568537744703036;0.5057268925006824
0.43429056483997996;-7.071150174632367
-0.05461240146692248;4.686924678973705
-1.525547852312128;-2.6094910234932343
2.3755781523673623;1.9399214486729157
6.822730203695345;2.3673242626527156
-5.531539300489186;3.8265133767898014
5.879488001761773;-6.092866315602954
7.51946820484163;-0.9390931345533975
-0.5685247212599478;2.8598205103119447
2.5247178268054995;-7.7791275374500675
-3.2959382739750307;-7.158775527709052
1.904856611147606;3.455454395398169
-1.747091651668887;6.945299266845032
-4.678778071720085;6.980011876983456
4.761499378253085;-6.551359446114542
-6.13298153751761;7.520984491489433
2.5755696109111064;-7.095817170440631
-6.085850071323419;3.9199854990445946
4.894503505974271;-1.5366255742657984
0.6197581316654013;-1.2361393400643372
-2.181905121497236;-2.719890593271364
-6.601614201938675;-7.5335915801453694
-7.551065556704961;1.4473642141768845
4.984977250463201;-6.462536014895084
4.917223322552502;-6.521948285468568
2.810229690492079;-0.9946930455649223
1.8752922444531137;6.482519896344185
-4.510482812190814;0.7730799389554086
-7.56608580649711;-3.708672543713371
6.208141672948383;-0.8207151282761611
4.557904473101608;-7.527723718159844
1.8203951072141606;-3.8399784629381113
-4.4789278340753516;4.447985198082428
5.512164462095356;-1.0426507451677498
-5.8854599577700775;-4.139788461878954
7.781446002108;-4.308378195380715
6.91769457760577;-1.514030387388532
1.4882687484915902;-4.5614930835762735
-1.3450841427000775;-0.4682478140669879
4.148819331454927;-2.524595926290937
6.17472215002201;3.693942107951372
-5.837607485548302;-1.0239395613991071
-6.781184150542444;7.5339691248884595
1.06577394123744;-0.6260409829150237
5.281068305306981;0.49925838582280946
0.8641385426489343;-5.144487331698118
3.0134540096562734;2.835524512393647
-3.3602282923906515;-4.93205435476151
0.07958147635844881;-6.699827539195585
-5.0751910756610314;-3.7988343776018265
2.245922089374842;7.9754600446122605
-2.104441686650004;-6.288569520132999
-2.551434724806029;-4.184585045986704
1.6127713459889321;1.3549435031632342
1.31478835784484;6.038049057507541
1.4518141660416966;-5.043200501443007
2.7606724596047787;1.8115215637388413
4.910953171362113;5.497011575238906
-0.7057434935044515;0.5338760639130378
-4.039830018404707;-2.1353926783243242
-5.302227960986729;3.6115596114540836
-7.5548623386734075;-3.788287976854889
-2.387432009836022;-1.1170124217824942
-7.371915540597245;-3.528549982740106
-3.9819377085415617;-4.3363726902861455
-2.7490246811492263;3.2783665608025867
7.819612963126696;3.177022427506385
-6.85060333154679;2.711720915311341
-1.8889071573814906;-7.88371197776657
0.3389582394813022;-7.327442294608783
-7.577179961302955;-7.419988190041314
7.181435808087922;5.682725869372787
-0.7256950689512625;-0.3949264890281796
0.707577531547873;-4.129325670477735
-2.5148420739747888;-1.3550041183837749
6.130889208448961;-0.09066727660135143
-4.58438562868214;3.79809893750463
-3.9840280373843235;3.2018352467439204
7.855550551923383;-1.3368816783225057
-0.29198964321477305;4.286754638044474
-5.918790733063808;-6.3188559213064845
0.2922124612974937;-3.128576093634054
-2.4021422026762096;-7.8092389688873585
-0.7842461789217037;-2.455477006281212
5.806947292985468;6.458072563991875
-7.285572276464276;-3.055694623443152
-6.91886686814904;2.57662365218569
-0.4360310936442584;4.362507837448799
2.4046282138052177;-1.79960100370851
5.821099638908141;3.357426691438139
2.5420197824181248;5.597111220116041
-3.0894398743430838;-6.459632329917497
-6.878279634725093;3.8516540662332908
3.615137203727798;-1.7316689983908056
3.7115833677978944;-6.538129752447411
-6.398911925315163;-4.03203200551971
-2.477937243743689;-0.8583721003228142
3.5445372225839336;1.8936424948193729
-1.2526162699348635;-6.222101750415991
-4.138283262556703;7.854823100505856
-0.8718335300175344;-3.2849377769657853
7.524016914119665;-2.098901185222097
-0.22782348790960327;-3.0206937321433784
3.4461670854463726;3.5617884691852773
-7.576314247150462;4.175547588763541
2.678782077622019;-4.081569537447461
-7.1912731804810885;7.110409930485908
2.0042792833950127;-1.171625176718166
-1.7357000533181655;1.15790480254452
-7.393669989937068;-2.327292693688694
-4.298104108548442;-7.018356826502012
5.272158462252575;-4.229526357627073
-3.1661272419712017;-6.26578527946692
-7.2118769460435175;-2.6611979065535767
5.4848148430660935;-5.7513651316102
-3.579527311626858;2.6849520958463735
7.370979372059683;-4.104487863470318
-0.7732423196387987;-2.146968210581967
-3.229812683096039;-5.520652021824974
0.6293358895599006;1.01661494470871
-2.634995762973425;-4.1309840843368555
-2.0275906503772703;4.962346554540671
-3.66381199329844;-6.206512700169386
4.705762195077757;-3.942291124770236
5.432355382807449;1.3927374049013128
-3.1320035677194493;7.928888485992768
0.9132743262606784;2.3511744384406423
1.5710737549340692;-4.317595898640388
-1.9709742184325947;-3.9614771869597085
7.881428727730732;-5.303052209770142
-2.2749369701363964;-6.849471664528247
6.55341440981903;2.8512712147747674
-3.3167316589652636;4.32451935680481
-1.7008849136416888;-3.7895305122450846
-3.299682313494422;5.455607837301624
7.120631067053255;-5.693388324304788
5.920647903272952;7.280219216639164
-2.5696402671249334;-3.59683397217894
-5.853814803795318;-3.2208456315653855
-0.7807086210717884;1.7646179610563948
1.189141049471047;4.093464136437909
-3.8997262297015816;-4.131941752658605
-2.405637827687803;-0.7970262843724054
-7.440455381721096;5.6821589688263305
2.4586061116304805;-1.9493801965598223
1.6436935435676716;-4.138374264479845
-4.235860739371876;4.569330816808749
5.740606216328931;-5.107249756048555
-2.576234697230422;6.973690292766442
0.5888599787566022;7.348706751188393
6.8599867204289;-1.4951151855136349
7.604467966923885;3.7011385407582935
4.4638057287093105;-5.259257840487233
5.1205800555529954;5.746442632355382
4.623143987756505;1.0681231239991895
-2.3743528821911237;-3.910880157934491
0.4828221704560107;2.578382886035703
-7.650851338299669;5.707640644903412
-4.661898934883574;0.5062079701606788
5.916287745192909;-7.26975865459174
2.036917006923769;-4.386012199081275
-6.7081507270542975;5.5768110866847
-7.442451349790112;-3.5051425539335774
7.659814070071825;4.662081447774508
-1.232322602852582;-0.4871442688235472
-6.290051364512452;-0.14592992823298268
7.323097665159983;2.417411815288851
1.2989805773389502;-1.643861005753779
3.452937377065078;0.4520275914369609
1.1000217539006965;5.236651721867656
3.754336998855342;-6.545691499571753
2.2809383135969465;5.754434902117888
-3.390152933645526;-6.0002224066004235
5.3914795087342;5.5745812979905995
3.0162946819744594;-3.1525400183377137
0.6449510278037387;-3.9017701750434757
-5.254172937622824;6.522877595629465
-1.3185947062414503;-1.1752481717017087
0.231589855991837;3.6461565686786788
7.888893548865189;1.5426521315398798
3.157298085948298;-6.984026893046632
-3.010592962730522;0.3685553400017678
-3.7827751352164682;3.2516110862624643
2.2570592728935353;-3.2002658358689615
-6.8804806129697464;-0.7073800990995256
1.9002984369660574;-2.6854933990736
-5.180419859610449;1.7946562126484817
-2.363268771328766;-7.509666149214732
3.5786455015044663;-5.138687828552262
-1.71942268673142;4.868604765999738
-5.252349358065711;3.0341798053811804
6.462965543061163;-0.5542322933434836
-1.2134916517810357;4.306288473636361
-3.532713851660308;-5.336386206675856
-3.673655667534371;-1.6389095483041878
3.8709902286064857;-7.657950630998304
5.932928253577408;0.6101036643612368
-0.5688288959921834;4.839429393238149
-4.8795957089306725;-2.986109413830901
-0.9751417562488349;-4.524284676855114
5.081187496827354;1.7767913583248998
-6.501948186842256;-4.654122140619323
3.4695014738306096;-6.692212566662494
3.4988677265460453;-7.216924573358657
2.3428905432769653;-2.142645082419957
-5.467151777223332;-7.648774690477262
2.1246747787970843;-0.30696707288912783
-0.13000012180412845;5.843444929532835
3.042791664119406;-7.875710526965046
2.700099058391114;-2.4766445634823366
2.0155945284170365;7.755815693134059
6.119763188131172;3.9592015089094303
-6.825255742236038;-0.664809051702596
-3.9266658416101023;3.1111659687177475
5.299718384189957;-2.406466428884226
0.13110366970912324;7.941922433349903
0.5828381724852836;4.456856590620989
0.7145194260165137;6.3001567581992095
-1.762712403038746;6.494473650538321
4.2540686109886945;5.103136048645231
7.7455200535618385;3.291792938160583
-1.3783923510888076;6.92137974618381
4.687885284845063;-3.5889136666993267
-0.6091300761555107;-7.457061578544208
-2.535464202895019;4.112369747528424
5.987978050547621;-2.960602076253016
-6.469550973249179;-3.489670533181613
2.247436783248226;2.1179700018101215
-6.499254674824213;7.075949804000704
6.680301119479481;-0.6508847739343047
-6.692558415923122;1.641658777914758
-5.2874206292562;5.0977138704597245
-7.423169696238169;-3.710968079656446
-5.231688903421713;4.4162509616361625
-1.7034765493910484;7.106239659992541
2.57876514814331;-0.8943102930238425
-1.5561323586785392;0.4266969710834605
-7.953781440655;-2.155434033308511
1.6082993028856531;-6.938411021687205
7.595438746146069;6.838401607024448
5.899423652900717;-4.92668669809931
-6.970269978492642;-7.002976379914546
-0.9702171531941861;1.417862287982512
-0.08920610173348642;6.23586739629428
-7.406039660966464;-6.523455579647388
-7.686065469270233;1.5239328616484382
-0.037297250667995385;5.8890094330881535
-0.9162075236879108;3.877942254145964
5.845584370660953;0.47179894023537194
0.9417230583638947;0.9673277784874745
1.3121347250044746;-1.6569654426812708
7.303398937207463;-2.631568000969038
6.374175972331246;-3.7252040202667605
1.6214286375810048;1.8315969446496592
5.090347462365681;5.129016129967166
3.104301121591533;-1.1523501017501054
-6.657365398651768;3.6458979436833143
1.6249865408563018;-5.349284952960428
-7.388507959603759;-0.19183884863629075
6.195614256173247;-4.294254046025397
-7.8208638730286655;-2.867107598291689
6.676712433405296;-5.390633307298847
-2.2988587926826014;-6.28561802463779
3.1029873425647576;-6.528808922787562
1.8432988518049758;6.784432459195333
-7.758064492577205;4.435761132920819
7.853833450244526;-0.6596465086964294
2.483892588913614;-1.652130972692186
6.554166671285076;-6.096552091566302
-7.180569725025288;-0.5602983510682567
-6.954332184178519;-5.342616062939237
4.57939479130434;3.2196157621776837
-0.3186577951024052;1.0106143546113042
-1.041019700247368;0.7000134084632599
-6.786302213552538;-2.4016164240949553
6.722904320575797;7.5289091171313665
7.864294624241653;-7.106146744035941
5.30666072212245;-0.8206410869095162
-1.3017050257964424;5.39825658045911
-7.318903021321436;6.8414039046679544
7.232265708191855;-6.121447283137181
5.646874980165265;4.651546571397798
-3.108003185257415;-1.2579814114321906
5.393472667003234;-0.810152094298795
-0.8346573301534139;6.906688343345984
3.411842274631134;2.833942655364547
-2.09415415595004;-1.9649281156466678
-3.35168646656388;-7.111110376312663
-4.006814572342176;6.184331846959115
2.4986671471403348;-5.253993081130114
5.343310376927201;-0.07343631205634082
5.1515256143682056;-1.3958405600311146
2.706261929453616;2.9481147694207124
6.873694350395258;-3.3827188077649453
3.544306723750905;-0.7357409290836241
-1.7295721673379596;4.80211517922811
-1.4612546532928317;-1.9125049631392397
-5.595355276268172;2.624677900786649
-3.0255710335801123;7.622882977070709
-2.578881057644656;-6.652923553692217
-5.176810917743504;-1.0794985284591014
-6.38461464672203;7.5003800828175535
6.541215891085368;3.947563193612197
4.833724567472963;5.965063457938056
-3.005834277987157;-1.4441462020523392
5.025558296112033;-0.39647616511146033
-7.769882473094121;1.4670177851321355
6.628557904251606;-7.740098472325707
6.226017597078696;7.042318395519461
7.839793826454498;-7.4089875286973434
-1.991820019863665;-3.8575893408443207
-2.398196704429214;2.725997448835603
-6.387371432866745;5.680531394553235
3.2649053823651037;7.4978730665970375
-2.425785029295101;6.399533575460422
-2.9356511724291625;-2.421137210354093
-2.735456701487726;7.0332586422069205
6.630133248650884;6.603675300270302
-3.0704703985329633;-0.864588455773994
-1.1651442851306228;3.3613272981280176
-2.4889462433211165;5.39157889636463
4.832382734902849;2.6213375692587046
-0.9540459048304744;6.820074642803055
-7.8159549818724;-1.6681696569784563
-1.4571850300996232;3.0518699133386793
-2.106498394518857;-6.780815348444342
1.6265100970924298;-1.6693180098949707
2.5661331336576403;5.489443178162725
-1.6234773750573037;-4.914151132880777
-7.489571200003054;-5.144503787964997
-7.051207161984429;2.444400807163138
3.90967396545007;-3.905496221662478
6.559401037321615;5.625431527426901
4.998892780741979;-6.9064945916922245
6.2296133517026;-2.492534812707513
-5.772997457126392;-2.312172888312686
-1.1851052383381866;5.129352623164763
6.888161908887765;3.4239021803976843
-4.265397765665977;5.394001533858912
4.623919851969003;-3.7331122023333734
-3.007545907781127;-5.44602450606534
2.532998306611841;1.7688969312020184
-4.256601303638847;0.9712698159618824
-3.310429919007669;-0.7990104799995859
5.349751749765639;-3.994486196949005
-6.809487418399865;-6.193555499257339
0.5613362790107121;3.7010743908062054
4.56579735810409;-1.2594883766097844
-7.770652847427726;7.046871870652581
-6.384548283058553;-3.715157067687594
5.733281326444882;7.893810720841955
3.16916047416354;4.7114003652380845
-5.8904184690653505;0.16696819366453397
5.034786083456133;2.517894035604586
3.0538280673144627;7.571278208148524
-4.580226232398134;-7.272607298103882
-1.7494480548197124;-1.1178797890027443
-3.3511590894507126;5.6543573488128285
0.7181552233530493;5.873156389738119
-2.770959736584608;3.394690047140795
-2.0423037898820358;-1.972902458890104
6.043633695273909;-1.678179085361835
-2.695909902083729;5.835783766733433
-0.08184219716163987;-3.116834803204169
-3.5275303693960787;4.899235395844771
1.0629999601748565;-1.216397258056091
7.294624858127868;-0.4233853671231831
-7.292816213048129;-1.2045769800099126
3.06977864065664;7.0710998057684
1.0522989953051258;-7.048364859863359
-6.36187337219839;-6.054638653049048
-7.200663955977582;-2.056242027436422
-5.140725395882569;-1.0507561421812088
5.013273985928601;7.224692766652597
0.23427659854539407;7.266845577015614
4.0723350968003125;5.292741488613327
4.811208732827565;1.4860639466792698
-7.90047584874724;1.0462378277851876
-6.1273380786984575;-0.7297304500386943
-6.3919489921698105;3.206924219049281
-5.603557226305849;4.625452124754576
-3.87770766035187;3.3366064792930086
-1.7085135296995606;6.875688406624061
0.8269531699421417;-1.5129054975839296
-2.1286649776760154;1.9466990771346797
-7.278165371609177;2.144587772637921
4.594798189401375;2.807495703652137
0.5408157059146124;-7.775239997447562
-2.636073161598679;1.0009340776406859
3.429592309952847;4.47460664053486
4.80458365773349;-6.059403001823274
5.00516102021669;-4.291488593095499
-6.082984639381168;1.4101648081507463
-6.929361887093815;4.776540625065593
-3.8231081452259303;-7.35680327174947
4.6029599211541115;3.249069446889184
0.42681730755076686;-6.812434759009443
1.4230484304498017;0.11828749299192687
-4.9043360538341485;2.796018672536137
-7.065962924628375;4.8840771343204405
-1.9462658134354616;3.5776381364161196
0.6894182270335136;2.849059572409505
-2.9565220994819423;-2.2775242646463916
1.372952338818445;-2.89892973440754
2.878300594852048;1.1787145320588586
5.872336155983451;-3.9664052498996245
-2.922814105597043;-6.709837669027282
5.879367298596003;3.9206516392685433
-0.6716565565866048;-3.2530822688090684
0.024884239609608727;7.179279366123412
3.4690043766746115;3.9053296643332125
7.648554929226886;-7.038831522410522
1.1671729948592429;-2.2068137644178236
5.071589509871865;-4.362751621730425
-2.312791594606745;-5.572586308340741
-3.370329534038536;2.0123928627607928
-4.82828526101218;-3.8204691137047675
4.6958649389372;-5.316535202202623
1.801119132131907;2.0615971837806075
1.60680437134147;-3.0919396078799153
0.9020635535346191;4.0535180652656155
-7.110639088562545;-1.8514169383389607
6.143974096203296;5.371691681842373
-3.218456139437528;2.996644623343091
-6.167208256342798;-1.3582254776605875
-7.017044949232183;4.789856059172061
-3.1494045107796094;7.162424839013012
6.1183394281076655;6.376688895248385
1.1696104686330635;-6.613128466314173
4.443882915818451;-0.898514382787102
-4.187369543785747;2.3616055383080106
3.9480410034238247;-3.536610027949619
-2.2553341220386436;0.8414347498134997
2.1018226393138804;5.517387902596564
2.95823051952255;-4.283764057612311
1.6388263215087218;2.0076850775363315
7.608208495015756;-1.555109079063918
-4.531839202513391;3.1640081067230224
-0.9746065146558696;-4.489532569107094
-6.098449025449909;-3.928675219528831
-4.796789085395892;-1.7879570576592876
5.157587426469442;2.220677713889007
-1.7455287363599208;6.511890001409693
-5.75929876480474;-7.341560102767653
-6.954427478656132;-1.5228295832924807
-0.47831065993847943;-3.9577627163498406
0.9062698013459141;-6.405122175374457
-0.4700013768718865;0.03975772845697989
-5.681763148530065;-2.9898827428391055
-1.5643861528171303;-7.221517263439102
-0.7843058107802996;-3.4902653936221935
2.8565589613524125;-7.053987874264932
7.773047668435076;6.826046852703794
5.563164392164694;5.930420246953544
1.2703108220790682;3.0284652016312688
3.5396501436261953;-2.8902885540818257
0.235537183199666;-2.3748497700611413
-6.998636262399003;-2.469887093006161
4.555302345164074;-7.644916604499674
-2.5361111780062;-0.7724272102673595
-7.3279593001467855;-7.225082347055514
2.814290875301687;3.2805750616028018
-1.4231262499926665;-7.357404580776805
7.98735250748663;5.377965745974542
-0.23730639909522644;-1.7459210573271804
4.556820861162814;-2.973377423814963
4.011327332056366;-1.433364957457517
7.760521174349449;1.2006945073075403
-3.6681452299986823;4.476396568117872
-6.51039569440457;7.246954042504321
-2.8271562675360844;-6.106149533419682
-5.857344639124802;-3.043110459577253
6.883493561275941;-1.4610219657605672
-3.1631489172800773;7.282285878892509
6.478864862422684;-5.582854850351282
6.707632724291095;1.159053004841752
3.0539962840230555;-7.982809654023798
2.011420419510614;5.317408448862215
-3.9037863146143774;-2.707928843851189
7.026889292417444;-3.4486185910962295
-0.1330116697755539;-0.8670853317423521
3.7958300504707765;3.968443722719865
7.53803706147168;-0.4644784869761196
-7.3675194212786685;-5.392222734896084
1.480848960812592;3.861591958110825
7.2516689849034766;0.19240298725846472
4.446158889317189;0.05956042930107586
-3.9159768231777257;-2.7958373811753834
0.18532247316792017;4.364526141138835
-5.006363238758407;-7.910157266978128
3.116233373075179;-0.7311174456964142
-4.851639957399533;6.08472728147402
3.2480193063611065;-5.5510467615856385
-3.3372118810905143;-4.517713075230869
6.607715077266507;5.080180594085466
-5.677978921323602;-0.23460288029238363
7.874933520242928;-2.065017642314176
-4.198620148162005;3.6572974745288125
-7.894478413048329;0.37929939308115834
2.022188755400201;0.8503611356705321
-3.2509150631809067;-7.788142894446597
3.398257596899729;4.298584898609576
1.489890271142194;-5.167561813489765
-3.5622035585433984;-2.2310632192587914
-4.0046212064793725;-3.581091025748531
0.2804503970660033;7.628692148662456
-2.975179812335279;0.7837082005728497
7.705905542273369;-6.666598480616576
-7.721804927079928;3.462382255002211
-2.3042576167163062;0.4478658866292875
3.6615875562161584;7.280068491585567
5.3119449750445416;-3.4950585205713782
3.0334018334495187;-2.18267432441189
4.493433012313895;1.7852590800817882
3.485383686807639;-2.7803357290782795
-2.7485161206490965;-2.645250505749024
2.4368434299646804;6.4145834871901055
-7.566024650412341;3.630108621728633
4.685784415541606;7.138949566131178
2.1273970039590324;-2.7696151611180433
2.432045411662134;5.651999379227657
4.999584806330594;0.9792866858993055
-4.870882182809309;-7.85309898368061
-1.8580310753128408;-3.973806417171005
6.458582153778835;0.6336624272808518
-1.801102952816093;-7.859093348929937
1.0735689801083232;-1.747916197239583
5.037680563811566;6.762805945825461
4.908577884296202;-4.039351613675205
4.055492310066047;-3.253365484040307
1.0944551742536017;-1.5973477917224432
-2.805315752939272;-6.437023756049584
-2.2132176460739696;5.007058962757638
3.5768310288722436;2.372164308343553
-7.664879489350305;3.0049331250446496
4.362444901249507;6.392608476159799
-5.759454680210787;-2.9630498602096242
1.407622365011978;6.0799083444114626
-7.202480930445956;-7.672722124025965
-7.28231646213713;-4.591960740991469
-7.600416645585247;6.664085768492496
0.7426796274254617;7.502805666420523
7.179330858950017;-5.629103983432408
6.766361937992366;3.1538777966654905
2.3366393957854363;3.8883627285260935
0.406940348610183;-2.3441012695128904
-7.766689410923339;-7.868509045132608
1.678123311729884;6.014824059306527
-5.430103069863259;-4.9678710642289605
2.6258954357171778;-5.833870026460135
0.7457234412357021;5.6524886288066565
-0.7950660887513887;4.624189728829837
-5.803315215602275;5.923604397702286
-7.6315866855681325;6.502157819603374
6.292425169962383;6.327601293186314
5.555517086497886;6.992193397089228
3.5382863257881514;-6.249683962459663
-7.309754512496065;-0.7802399261112427
6.544868147499816;5.571382946511109
1.618021538394041;5.75798771481333
-7.878527891256791;3.702668848273227
-6.181827253812672;-3.202367992072631
6.641874549539839;6.623051251962146
1.8094100450607193;2.8424665656002936
7.33301697661928;5.709199472199982
5.800765701891347;-3.6171023703938943
2.3853504224899673;1.520925289955457
-3.7242151224019544;2.7352651048359
0.4154395295628106;7.449768757228954
7.705570423813192;4.967948284946781
-7.439366779269822;1.679964171922597
-7.820323526239379;-0.7667542143612849
6.346438575459677;-0.6417381573317762
3.2625459377261947;4.015168178174369
-7.498654339971004;-4.2976041989089
-7.085699077529794;1.855522619294824
-2.0184866922487714;0.2630109389037276
7.754661771419764;7.160732058453643
5.015889415050488;0.7342899463016241
6.985981635262748;4.548491772349756
7.016700764546163;-3.938119984476989
6.252956648066759;7.203164896345555
3.3127797343155425;0.4438117471659453
2.9215415622940863;7.571579651009337
-3.509471761351344;-0.4343390208559583
5.1919152029810895;-0.9483840080763724
-2.8806609831718895;3.143496522669631
-4.713560090738152;-7.7191106815801795
-5.989512907922853;-4.49510977605868
-1.5478753778946466;1.445598259208479
1.8252861500401476;-4.000661003573816
-1.4634679584877262;4.39006562983743
1.024008810301547;-1.214425762117008
-3.1199117722199716;-6.647437108399419
-3.4196793543875703;4.951673698654279
6.2495209340409446;4.403936411481947
-4.491305627280974;0.09068544257213773
-2.7825292820697385;5.210768041054626
-6.175153313307055;-2.367330462406466
-5.288690640284777;-0.8155431887636837
-7.229967511920144;4.324142304529804
-6.634038772594632;-6.14545930898287
4.494510955009524;-6.640730980542701
-3.0143776821117925;3.684244846303331
-6.130595741180324;5.951823344507085
-7.309214084009902;1.8716829103620434
0.6725013545181611;3.595418933412068
-5.7585715369566195;-0.06129437081387579
-5.310907201087721;2.806778718128067
-2.46491234701554;1.4616653512119466
-1.6825151642681515;4.472329356544099
4.728026668070731;-6.889941974239612
-6.886805224069011;4.602262460788015
-6.7066570836644;-5.241973446962984
7.099036098208442;-7.419174429677769
-0.7340055556103309;-7.908894465116587
4.558215688572496;3.1825393913732007
-4.253891155420513;1.0590945708553186
-7.563859854188257;-1.27479210402144
0.5884895847135443;-5.1015545008144
-2.2678971384681805;7.095465436891798
-5.843759967700175;-5.832269533691404
-4.432178479394663;-5.496484068481928
3.6261829836207387;-4.484519936652418
-4.044904967190382;7.662654438616585
5.35773689208437;-6.788695309997397
2.004863211247775;-7.292105037923699
-5.749248159728175;-3.811657860008978
7.969129517797688;6.564248438106324
-3.633145112800941;-2.618740130977356
5.45241881673569;2.7412356363997112
0.37404919502980505;-5.111121457720918
-0.38708972802212216;1.787316775325122
-0.9696628951695558;6.822122426515596
-3.6480910829466158;6.432798544733302
0.2842285297084999;4.6760022338546445
-2.5842332408359976;4.928721931861645
1.3621962568619743;0.42689488122580066
-7.661662523114577;7.679981909417391
-7.905187258306379;0.1792138526527154
2.1844594184803388;3.1389484415944153
4.603021269028721;-6.256071399861808
3.231505243539054;7.821558676725386
1.2509306958201005;-4.239852986325644
6.8374099136959305;-3.089871491213012
-5.6487903446194885;-5.215296012245245
-4.77484231488887;6.532245676910954
-7.066441419937785;7.337150597129906
1.9250170911378817;-5.683345436774562
2.6193240703583225;0.5769849543558152
6.838035391573749;-7.716340648462355
1.2118088555189583;-6.1869636862654716
-7.944553523629619;-1.6900326311778837
-2.048932326230517;5.426437318965988
0.05444756932804218;6.191781562994773
4.493018364449062;-6.028300479057066
-4.001939130104274;2.6178842195359504
2.2074183786582484;0.10260807032022434
7.184025983135776;-7.754072284837779
2.0776750003256197;2.465220266068755
0.9213962272285983;-1.2517002643441657
6.7374325487134;2.023683216768452
-4.3418990999385745;1.0549459332733022
4.694877575679733;0.1592557863897177
-0.35312778079140905;1.0174767761115486
-6.020016034571228;-6.248834035829567
4.164234730076187;1.045523551892897
-4.023344470442629;3.922561790927757
-5.748537059992561;7.363415994846019
1.0041635559211795;0.8088252023385021
5.199985775338259;4.436282338331962
2.634677683544048;-2.8491011948895313
-3.9441760117998097;2.6215387189363817
-0.5276824889698482;4.783588817283485
6.3696241552592205;-0.4499938246119477
-3.947619625781231;-6.604812031481103
-4.471991233116039;-6.143005770461816
2.5861886005353565;-3.1277270908323853
7.411258285952945;2.9547382396404167
-6.954643253917954;-3.589058402904776
3.587683784796228;-7.297782576647471
-3.6287383322946543;3.73432059810332
2.3801473801926196;-7.776084240111649
7.281311417231677;1.7694357451754463
-4.29752737452632;-3.5335834420849306
4.259501417297217;-6.398918777859343
4.392913881496202;3.216471570716916
-7.2394781586960555;4.263560042369944
1.841017175571002;-7.681141174320953
-0.7932557711039561;6.601134827773816
1.5453761013278253;-7.958287681005562
-3.2133694585105435;-6.043929253434811
2.0786345223148555;6.192662301339126
-1.5932553975746178;-5.681426705988702
-7.01718373782408;-0.07136494413793137
4.784604013091455;0.9345377841998452
-6.649101716520569;-2.0639087386887223
-6.151953532577101;3.2868847855503187
-6.134567282067712;5.626162090317168
-7.555584171855616;-7.44122468099571
3.205502102180729;-6.913464218910132
-3.697531423948238;4.166552835802534
7.569100373568842;4.50209319046621
-1.9238233694619602;-4.778220382539141
-3.8242623374674327;1.818855943240127
1.9246944475557726;-5.260653583448375
-3.2348466727502654;-3.433487398175574
4.635425424602305;2.729517907306688
1.8348448030052893;3.458066531947347
-7.909292238786625;7.552859226834718
0.5618635459562462;-7.036686261979554
4.379418497570526;-1.6572859251118235
-3.5164436625515343;4.301540131061348
-2.362330599057321;6.607233254588296
3.566872893451242;-5.526242029863182
3.160859075720893;-3.1547623174210013
2.0300007378431495;3.987537661642296
-3.5669640922253496;5.931384702260356
4.298486371280548;4.436023608837978
7.596076277857856;-3.1185026702951752
-5.565639587811269;-2.9219289093010623
7.119210778847863;5.864805047096814
4.484461010407681;-3.385525080844072
-3.0789826082216276;-0.6981097389411204
-1.5300293905353275;-1.3429420766135252
-2.3655988673249535;6.321089179426254
0.8962762040293963;1.7771365351835513
-3.9126359279105287;1.9360740628111959
7.162590203274167;-6.111628771415903
-0.5198573560919098;-2.0459420569750026
-4.698532772075243;-5.614475183329061
-4.626534840538495;1.9459187495493335
4.4563191478052975;-7.146306325003508
-3.118247501024012;5.301269466670089
2.2041021218934826;-2.877265535594473
4.76133015846491;0.904894910556111
7.218841890582224;3.5728824358180056
-4.881719412742694;1.0845127570808994
4.933448382406482;-4.143108761347603
4.8939243138188;-4.121907688041441
3.9513193812474388;0.18966680356251864
-2.813525271446835;-5.576332139088988
-1.9440832448060714;-0.4227954827774365
3.3512056476158705;-2.465402325170885
3.551629376024904;-4.9994787178349736
-5.842943814194758;-0.8668166530116377
-3.523536961114381;-6.938382153571725
-4.463409927092014;-3.643086780377935
7.611196601640394;-1.3108081755612613
-7.894236518885727;-5.348538692523482
-4.774887955187928;-6.086115158932106
-4.191474741096414;-5.497847828258148
1.5523363539989319;-0.5748868931530797
-6.769749264866514;0.7954803455711481
7.824367710955855;5.7024199636715025
4.941038515675251;-1.295358656171958
-6.190153094966538;2.2027584774501943
6.868504602258385;-6.690277075881209
7.9794910579208835;1.8653046433853078
-5.9252056755325135;-4.99203251018835
-0.7212722324660454;-4.957702285449921
1.7697220744324849;4.456183814707792
-0.6030561143029765;-4.967055107562608
0.11155567530890664;1.6086730065215953
7.734470589955938;5.86358016677562
6.6655906016209165;2.9349200570737715
7.298643944332172;1.743406885607362
2.5313044532503746;6.862790399372079
5.116331199153237;7.018432720602146
-1.8754055630904851;1.1822584635462547
1.327047133562214;5.038639502513954
3.294870277355054;0.5807913403345779
-0.1564784216920483;5.855749273367781
4.967776274881041;-5.988007007217581
7.204504711854922;4.918213433577993
-7.1031182109172875;1.7716240386098345
6.320179173100641;5.535654412444931
-5.585883329590393;-0.8277348536934799
7.893065390047887;6.960259271236611
-0.38809621725421195;-3.5904887550961213
-7.272811762708157;-4.831684058962903
-5.952552593349093;-4.552164651180393
5.54016776414635;-5.074188019494169
-3.981741141598741;6.025096978426912
-4.637749843901696;-3.2081497009792432
7.099655602996391;7.07636244811474
6.241795485932778;4.398408605086056
-4.020225493677303;7.547405172894139
-5.7123948341398325;4.866408987698323
3.820512446241878;7.2382249807852315
-4.06312296006932;-5.196255791565202
-0.7477176990529237;-7.472596576341287
-1.047066426213343;-6.583209810402188
-3.554058597924861;6.843580776641842
-7.200433106902858;-3.7045261400549467
7.287724506782212;6.8840892783066305
-2.53860080736332;-3.241371477306961
-2.1458885692225333;4.6616192402474645
6.899629215104747;6.855706940698251
-2.616868910068348;-5.537143730784878
5.798190928273884;-2.6403864595462743
3.014024639500441;5.1310507711051105
7.7550036079277405;7.711499193798451
3.444820702618591;-2.4443177697211986
2.1371120581915406;-0.8592765153076041
-7.850252948283474;-7.59535634214882
3.3498954078042456;-0.619388525672024
3.5743473797718472;-3.34266888050227
-2.065534106516351;3.0402821418499855
0.4678430581735;2.6205223221652236
3.0663982462716604;2.4732715521897486
-7.294195051556716;-7.75719307915133
6.744870950108547;6.811266606194096
-2.1742557023257767;-5.338810164923366
-1.6019788927995116;-1.6890999845959431
-5.104882155956206;-4.814089465674204
7.89414834027486;0.7831011383661544
-1.264064932244512;4.7624074881336576
-3.8257646334499604;1.5773325039140538
6.600593775054964;-4.253216914807416
5.498037634087403;-3.4027974635347142
-3.838884854562071;0.9534715667137608
0.2826352311903033;1.038233786515823
-5.321670472228659;2.0310148614217756
6.357943141177051;-4.828387450107208
-7.595146480626939;7.469552623690181
-1.2648186416225418;-3.8175959677569207
4.3306102295129225;-6.914598791686789
-3.3993443485230816;-6.067938998991167
2.941783506005425;4.043770707763645
-4.236014748494316;1.5710228551797716
-6.464994874813925;-5.517619806184639
1.2464235722769619;-5.643015615799214
4.864173099774828;-2.577424070409567
-6.659431691121204;-3.419837788212348
-3.7775646892853736;-7.4136472810231275
1.4303214878243242;-6.49681757161256
-6.045822495102989;6.897609520563371
0.41724774624931804;-1.2789893232235237
-2.813448977100103;0.5208282843686867
-1.559331038992216;0.6470771712901442
7.289961326692817;4.491156297069955
-0.3646796060661863;-5.856339854773145
7.6118847862076375;-1.7069788755015232
3.832473471511536;4.476654899031548
3.095634516532824;1.5536289934915253
2.9587525683976175;-3.41789582428715
-3.7167193388438005;-6.490624339597263
-0.19233724612017866;4.3579753016335605
4.419553101781105;2.4878720880072365
-5.814757590848229;3.621568480438576
3.0712808679030115;-4.869400733667199
-2.124143714396773;1.7604062345839822
3.864038190743706;-1.719700811867316
2.6900630583671177;-3.546620547889857
-0.02952593371929879;-3.612079869745818
-1.977842927529741;-7.004504588156236
7.680890852577011;1.0503759478775567
6.707506967159915;2.002819163716257
-7.5871071848369915;-0.9971651957838894
5.7408782361846455;-5.5639096430400965
-2.8119531453547335;7.162141420151787
-1.4279597429180075;-0.9920201293936994
5.482696552087802;-5.316360622690141
-7.554558837110893;2.2946443855833536
1.2817554419331199;-2.704452226913409
-4.3555910291628575;0.05069857160386171
-2.7761441494903085;1.0070135784057204
6.376118263304699;-5.489124665127969
5.691731383761576;1.7517055225447855
1.3726559424732692;0.0902027907864209
3.9461478376151256;2.412784694165044
3.9221306583011977;0.9385847373182816
3.219383463189292;1.0741174552280892
2.498693066843975;-6.515346904521298
-5.766151288398483;-6.568425874613748
5.409654396405054;1.2192669623375867
1.6718371943679564;-0.11966855087946371
-6.48786334708095;0.44292752426696325
1.3557981275635438;4.640226839873831
6.73844399432488;4.537165446934317
-3.4110273573879724;-0.023109605750896378
5.842839194588535;-4.442708464716164
5.4373880087345885;2.4804082503976588
3.5073353568932344;-4.266875981567232
-0.8305549936869561;-6.253074052347483
-2.610029268759936;-6.959522753693907
7.683526538776507;6.281794405931718
2.8903399190036545;7.557215076432769
0.46034095788125207;-2.759761209382143
7.793634996223096;-4.124913463366392
-0.128499700644781;-6.700923711330461
-7.507432126711237;-4.9135094536093185
-6.137017661037598;-0.47161635735358587
-3.515782357300333;-3.3656163507983816
4.30356709817285;0.9380135316310696
7.137116137324728;-1.537281659078534
5.389165528555058;5.144165521902643
2.3386006830878063;-6.33054223613226
5.861056660366767;-2.809823069886166
-3.4801503559462716;1.5903680907339393
-2.4446379581810014;-4.311756778083916
1.4111371627357183;0.6058842285648058
3.504439139298789;-3.848104630258936
-5.884015045138009;-5.546530084928456
-4.0269236449997905;4.087928635566321
6.034493952103421;3.3012010778625367
-4.008218983787502;4.2658353588652815
-1.8599786559122844;0.26964651196295897
3.8131594749095363;-5.203594967178848
-3.058930303580171;2.3240900117197008
-3.8520686562116335;0.91460537230002
7.725721069584987;5.3927901204433315
-1.3936100004352738;3.750317895678247
6.927589867877769;0.051193545669899976
6.559253197414508;4.615230305169465
5.2081861853748475;-1.8993948092402828
-7.137735509645685;6.541499813236275
-7.813705335022307;6.797269429351898
1.111318320758972;-5.779620821171198
6.537771633741219;-0.7412029860703484
-1.6361039174879348;4.457517088428915
5.198926666858403;6.60509499326313
-7.979687041927983;-6.552518611690228
6.805168027457496;-5.601776564361842
-1.3886910599364004;-0.4786631234175669
0.003515583146878498;5.776277236964747
-1.344805099051058;0.6420787201907885
6.590137017210068;5.295612674614974
3.5866918368107985;4.387257702791212
-5.025404948053028;-2.0125893224572504
1.437041948134416;5.010295767788225
-1.806887952155222;4.745520812165093
-6.917459224711957;-6.647342885379771
5.351766141795087;-6.714961572093278
0.45664322963494897;2.2077359483515444
4.512838079644942;-7.506972371727377
1.7361235100091257;-7.26845375379505
-7.650194795158749;-3.748748959970495
-2.3163139487261404;0.9727929551369421
-4.517410619187034;-2.3295519638319124
7.194399349110945;0.06597816711649074
1.6939836451700447;7.0347387481062995
-6.765108407601714;7.262260132639549
-7.533203612675363;1.8583000548634718
-1.344940924086277;-2.594796150110282
0.583957988706036;-6.2443093442598965
-6.321783537107448;2.806819756105778
0.059177652552516946;-3.9761589103380572
2.4654938052398645;5.456883459510493
3.88016041488485;-7.2623243392299415
-2.826557714750855;-6.900812282867085
3.462984702962057;4.4351259199069855
5.764611933108714;3.5949860695753113
-5.490394996013391;-4.866840443284815
-2.7150615081740614;-3.9900454194163153
3.966461914160826;-2.4319829341668715
5.455521275459079;6.162978259423472
-0.6047206279148902;-2.5615943449983636
4.541150520953803;4.920264511026829
3.2462572986234512;5.820338229937631
0.7293252565067601;-5.44644325321881
4.713438578413893;-4.882839695765494
-0.7320065395429207;-6.389801991012449
-3.908158115899454;-5.960889571582262
-6.814979842982973;-5.743020748832398
4.198035470641612;-2.401742922844429
5.532225983085862;-3.281466294893427
1.421041364103008;1.5443758992216399
-3.2468497330404684;-1.3542734716337321
-0.19292189558238704;-0.7028584325372726
5.427167304921827;3.6451921083388896
3.617565663176798;-1.543566201853512
-2.8232925214106945;-0.9320838785868588
5.4425257349142395;1.4880569523538725
-3.4120835921346355;7.212184631488526
-2.6293243729586546;1.985264073875383
2.27402399711446;-1.220714916098224
2.3659358755215703;5.263012096959109
3.0332260386918755;3.1256427803114466
-0.5254197276540697;-5.389284897771946
-1.87813321383069;-6.136484438020595
-6.673067852241653;0.7037275278828634
-2.257627417300718;1.1155578436809748
5.198919976638479;3.4098053573722353
-7.728668474696553;-2.6949980831432487
2.5446940618049805;-1.9520720172876924
-6.034605076952753;-2.204840504747759
5.003617103504023;-5.064385961846769
0.25180205094597063;5.155648349263204
6.294181022263093;0.08060978275090491
2.981237448995369;-0.8768374027706294
7.285250848637695;5.984672809613402
7.7827496051245575;-4.815667584063203
-3.6628760961593247;-0.6870372357427357
0.8287424402760344;-0.3711655041856048
2.8768432639405273;1.2880198498167523
-5.584866982200268;-0.44709971253543124
7.18460555254603;-4.586468198076092
1.9035514357598764;-3.696601611154332
-4.292575849803377;5.824474491324935
-1.066935954403899;-4.7462761721069455
-5.278977985023696;2.656764471917704
-7.498765488106123;-6.129013704434271
7.593130891391782;2.0624045925332375
7.642974047486417;2.172631227854767
7.76857989790353;4.851752480341606
0.6549893956694284;0.19219004462425993
3.1781023139462814;6.100654371413988
-1.1284334820982949;-6.820883218951074
0.3206937699161738;-0.7196095685099557
1.974157475202098;-3.1134710566402592
-6.409779786389224;-5.602543393998152
1.0272297585454115;-1.7659016388586704
3.4236726161243443;-2.722944153482363
1.5612611465663502;3.7838554312880337
-1.266403830670919;-6.927067685739209
-0.8297944043528176;-0.9554156082281207
6.645719815873829;4.505309000421846
2.27152045592878;0.8398764326473103
5.172216973238308;1.855719399551294
-1.8392118073100523;0.7815261878237987
5.915285510294899;5.789898206496062
5.556541160856362;-2.4124254909402225
3.8117987430542843;6.475863830361087
-4.398594487527525;1.2394165319759853
7.288802661686955;2.497831708939948
3.139356489178436;3.752333951675089
7.725304871180358;-3.840089029325183
5.394245813175395;-6.382517890747128
-5.914517469859623;-2.1592456942557146
-2.225968660672766;3.2735492003194206
-0.3721180167689919;0.8291463735246403
-7.871766679550797;4.166664791563205
-3.2812674412053546;-5.280796445438186
-6.608283454887669;6.664828879797815
3.7406547732908937;-3.155202358439455
5.705764053660829;4.101436846606463
4.985825382519277;-6.418206038707664
-0.9277381686282276;4.7673502825248715
1.501773269749238;-0.9230156220790402
-2.131491634112331;-7.3256275305411265
3.6609535988279873;7.520076946918817
-7.962455382136078;-0.27655977224467776
-5.980316505972812;3.854597922716957
6.2438550709200005;0.17499998799639016
-4.7119274405211335;-6.062354099723477
6.89608430953578;-5.278586967072478
-1.5578139309251853;-6.580547450577297
1.4131424626706561;3.7573423905391845
6.155028963132743;1.007536337635404
3.6362013269457485;-5.4315328827678595
-0.4934370391490166;2.055764532121435
-3.6643102293494607;3.654308296538659
3.3400288782851053;-5.0706629598341575
1.4859806574720107;6.271128889591447
-4.682506642609626;7.130538288044299
4.18860912735189;6.665635920900316
0.9806176667646866;7.1615107444298545
-2.459273812956715;-2.633098438193395
2.09315854884178;-3.505441840931022
7.305513902438632;1.519576207840803
2.7470941767485506;5.017541486400983
7.722425260389759;4.631646966311404
5.624062983328731;3.9049909062722037
-2.597568683860109;-4.711425970229488
3.161941690637857;2.8568984661616525
1.8117339764126132;2.0142585922582334
1.3889423808194987;6.501514757996931
0.01942517330347293;-6.636604117854695
-1.2360689343654911;-2.1134791395791517
-1.221302485281667;4.988677186941997
5.343150702103978;-2.0669892726728936
6.919374436320444;7.094245796532759
7.646030223709058;-4.979527635629653
-7.722936572688521;1.9023931454401986
2.185678202043217;-2.8464611246497107
-2.222138413570148;-2.1336861560420957
-5.071038382939207;6.1276587194188075
4.553783004000525;-0.8712619471995655
7.838547927606211;-1.4721474310637053
3.195994171739713;4.588370276876418
-1.7104062147094634;4.919590204070685
2.590184927041472;-1.5069314142751473
-0.008517639050676706;5.922174315438889
4.541310615832508;6.1573291998998325
-6.804108337166383;-4.325932647849299
-7.558456158116064;2.378553989726946
-7.493360041966163;5.660764886968861
2.326206022624252;5.587597481798042
2.1176506698901303;-2.0289729738528433
3.1731807858806427;0.9081220877662499
-0.3752049826704358;-2.0915582991069552
1.2229578738643738;-6.566219841509481
5.652960389341082;7.3280956324632385
0.4445147184135312;4.7788090507117715
3.233926080213731;-6.670391449284029
1.8716378694677864;5.325936295367082
-7.624748657892063;6.4647671535928914
-2.683042338139682;-7.961197925047916
1.2665489269828782;3.1555187933198603
-4.580130622115437;6.892042710634943
-6.176432087654575;5.610045573331632
-3.435806932091502;-2.679128957027576
-7.236139986890766;1.7703933027047398
-3.8273568578576516;4.555293159170818
0.3510666385077492;-1.786944714663539
1.793379097314057;-0.9525863899465481
4.921596363490648;-7.3794087619680315
-4.39019656055812;1.2067568638044932
-0.35437097064823675;-1.1198143014744488
-2.5972244922398993;1.1155250999590116
1.7265880548664523;5.490777757886452
-7.587807745398015;-4.2780596118888194
0.7356843642289466;-6.614158009010811
7.049657477859;6.494633807124179
3.5387703494519247;1.860288888659646
4.8287274114825305;-7.2802570695778375
6.504615555405154;6.731914204019565
7.259227210464227;5.359116949482203
7.1570836756559615;0.5222992254031098
-5.415466395659976;5.463490123757428
7.545471108303531;6.274083687915166
1.0137700894285189;-7.8006908999497
-0.23014721263302107;-5.779662084628789
-3.8722081559425696;-2.2331507271211155
-4.888736240405672;7.823983376994731
6.574458016956562;2.4182394089100754
-1.409816249713236;-7.060351812975524
-6.542062971680586;-0.7093727234319456
5.101663710405418;0.112441617006656
-3.3609216476561574;3.3913490709070686
4.934009348745109;3.2569142638219013
4.663911494468135;4.888856752823756
2.7421850011609052;-4.3377008737930645
3.9657590762205643;-7.409377662408085
-5.492922571652052;-7.169617706731419
1.109375471190102;-6.937970374984875
-5.516533353350459;-5.375423750319058
3.2635564927780525;-7.916131011641147
-2.38987999853528;2.9598727719871523
-5.42718921739047;2.9228799695376093
-0.45328315080877424;3.796469557960517
1.369245584219808;5.022963979762055
-6.238914285891889;-4.043427698835199
-0.46290676627003435;-5.429324838553448
2.7602498420920814;3.3548261765571326
-1.2295611145943255;7.242354230148775
-0.13987928696104035;0.22967763823977094
-2.747883252242408;-5.034717010763318
3.3550855485266045;7.371283112872565
-2.5576689907796837;4.777981437484401
-4.114003754270774;1.869683397436111
2.3818785024308813;0.5852349683685478
6.888178690845574;-0.38612002728950756
2.1657912091550546;6.491564450099638
-3.2285704957979267;2.599126008224129
-4.5149478682522055;3.119975970256716
-7.932481144476206;2.4555269701924534
-0.9054684602319583;6.361942394639524
0.8519247046295781;0.024191990148187514
1.0976099515868292;6.118074530480213
1.0168007306329585;-2.094689059934069
-4.265241650672921;-4.0930831091302196
-7.334277967253994;-6.447743515341866
6.326062020673728;-6.39777119759518
2.5042023171513357;-2.6929456836311996
-3.5598082443134587;-6.400747164958531
7.034635641359056;1.3491580774753569
0.8210662392523247;-3.2520045908213806
4.982309556846067;6.204491865890372
0.9588735026390349;1.0806764487907436
-4.042054628817063;-5.33330253579679
4.879691733509642;2.188424060883017
-2.6042800904944805;-1.0115356206210642
-4.46030460432536;1.0080525106775813
-3.698471892366946;-6.238605025821057
-4.536824924893153;-4.728147542042599
-5.543745366991969;-4.729029771938711
-6.429659342024019;6.958974829012275
2.9094178259854147;2.8510237737856734
-3.5940060514347447;6.434509456079468
5.579072492211532;4.660103513014652
-0.3924953177195647;0.46744266032684045
4.8993145634092965;4.5495755151964055
-2.4471426051900504;-0.592589890649025
-6.489422802527999;1.186401095657752
6.275067671163416;-4.91286033809069
-0.8211580891924211;-2.5910676861968813
-7.257228114902482;-4.783299351751772
-4.207280917206994;6.747235513255179
3.9034496743027347;4.341566407076922
-5.080364462520437;0.3313758121441044
2.216710334895401;-7.60259317406843
3.8080492756839526;-5.772446954239564
4.913842389036036;-7.311850661460513
-4.6507052919284835;-0.7843402697771733
-6.001679030946571;4.551079392201379
4.650404095509353;0.7263864738952801
6.603733142516029;-5.524362490003606
-6.211864819518018;2.082901973803123
-6.788222789479654;-3.4352382849373004
-7.993158308499426;-7.996910099973807
-4.7067420278016705;0.4014912061394842
-2.4688503369808767;3.7388299014332596
7.879548201084372;-6.655098259176915
-3.332163725585506;-7.774207982598435
-7.405140112096053;7.373460316619793
-6.5911625266179374;0.7350789278154117
0.0260002664463439;6.033776981557944
-0.48496445031948987;-7.866652881181816
-4.682967473284908;-6.440098369119761
3.449190687658332;-3.9255983381152255
-3.2371358723530346;-5.133244811088348
2.726617529836668;0.5068777704561747
7.579112636870995;-0.3239653946372858
-5.835193054149466;-2.9746648079591296
-2.6615394621408477;1.860472095438075
-3.075549210505759;-1.444291918519946
-1.5703758221881081;-2.8100793241862636
-0.9194980076118835;1.2946444962962165
1.4603954550387321;6.299782458841923
4.2524027340286015;2.689783760901445
-4.616490418103718;0.619477030592714
-1.8896397208858957;5.351810611764314
4.338113907103605;1.8648308670883846
3.6099304357795106;3.756545393061021
-7.980312917314958;3.6203486147087833
4.482194418824511;1.1825134920227764
6.007743468903801;-7.031616533294622
7.537989514827498;-2.4672274844139963
-3.0566550517799094;-4.73493585869193
0.46714687595305193;1.6437801987824283
3.1449236968717678;0.13520090016012176
1.5966301879185565;-4.10340428033969
-1.645829769546209;-3.869574907609607
-3.805167313986251;-7.8949733883358295
-1.8592491294641356;-7.787398431028134
4.2766383038362275;0.5322003031617424
3.2571415986202137;5.52670135816105
-0.06224610768756733;-0.38125964745374397
2.209249668339341;2.987119253673475
-4.8362879848470985;2.831252149739628
-0.15943186702573797;-6.262091252598095
5.616867527853499;-0.3376634350544059
5.064511098979704;-6.544314639740898
-2.3576598185228494;-6.905257986099876
-6.44341373716221;0.5983444709968602
-1.4169274281105722;-3.8252361352594217
1.1504774284310102;-2.904635478875548
-7.364463015861039;6.400534073682895
-7.782363302068241;-3.4691341333504457
-0.1654633625543216;5.62233500709231
4.643552466107126;1.3800074319578322
-5.862213778161886;-1.9799294642916916
-5.857685946702835;0.6865882174399118
-7.927598430283826;-3.7520602610959024
4.789175686463242;7.883404305348721
-1.9950344681191705;-4.027023744303834
-0.23590027088127563;-1.4996797233662083
-2.7865303411065447;4.021709219278987
-0.21135294218484546;-3.7930155130146623
-1.4540767138663853;-2.314214329813998
6.118025246354604;6.043625296090003
7.3275881627011366;7.88539912193886
3.2260343349251848;-5.415646550049061
3.9370111668429537;6.674254561367002
7.485504353172093;-0.9715728513680908
5.408924478046853;-3.7257059581165137
