-0.3621554273916774;0.5661064074549708
-0.9229431677848585;-2.1167746196279706
0.4803499192482174;-0.8232269354573815
-0.8110694856820712;1.5424080917347134
0.7435795411831143;1.2034977860281844
-0.34293510798970905;1.119657545918758
1.8449210327608716;-0.6859274141343475
-0.9074947148855521;0.923191391168339
0.31057025051591314;0.08602222775341078
-0.015033312217097245;2.0588123459594265
-0.20595931661244118;1.0617871906092053
-0.08302534223757352;-1.3478601367629321
-0.9996071994712233;0.541077180683732
1.1176531252919049;-2.8240294359020157
0.5412471381105192;-2.367502222824524
-0.6910299035361331;-1.3252253681649169
0.5065995150464929;0.3186067675162445
0.34203108077858535;-0.6010000218872085
-0.3617704638312332;-0.9164163855447488
-0.4478875759491445;0.5718935245959036
0.2582812382384456;1.5928509805675137
-0.5551700334210854;-2.0695914282810723
0.835970858249332;0.8145622067540651
0.30759658852172683;1.2133397013090743
1.4737141397067437;-0.7785474435575016
-1.1335571580371968;0.15166254014575611
0.5079821018805171;-0.8394187548582441
-1.471547683794191;1.0023380944834923
0.2578645070139288;1.5264844707166318
-0.4854725714953899;1.899381133620985
0.0512601413265795;-1.7108084391519958
-1.4890924543411752;-2.0426916008300973
0.6437680185395315;-0.52429523141909
0.6385429358537953;-0.5520192643620563
0.5018813557036249;-1.0792371597676473
0.2778211894101783;1.4911284715306399
-0.2095152245999891;-0.24022055323695798
-1.2969529640489064;-0.014923367687022846
-0.623983066216339;0.9379374327350921
0.4145204957059055;-1.14189229638637
0.8796567904446577;0.988255464494501
0.5538636847992364;0.7741246554264706
0.3400623889577651;-1.351951082745985
-0.33432119156138107;3.137974230552094
0.3747329601645515;-1.4940662059345413
0.47831551726172966;1.0399134175247637
0.7609227946774115;2.515713001745325
0.39636550284076366;2.4498451375872414
0.07021729151056609;-0.2187106258310979
0.17101367009795956;1.4939022040756866
-0.6869587951911246;-2.7734446621562645
0.024492001575923423;-0.8768856612009596
-0.0683976829342757;1.4104378959195396
-0.3583638067308392;0.19094316246876714
0.2694826646146136;-1.5684856870698898
0.5940969907104066;0.40281900617068095
-0.07427716304426557;-0.8227251979247905
-0.2819215824793996;-0.23143701221910276
-0.4435057594289539;-1.3162190951934774
-1.243543907517658;-2.6042753141392354
0.6492635124546134;-0.503252587217628
-0.4418273323414817;-3.0692892822767495
0.9694254924914742;2.394944572861906
-0.06599752310891555;-2.371336300604129
0.18281102975822272;1.549430505296164
1.0224892944017077;-1.0545496799066236
-0.10743477576602288;1.6603474896919421
-1.122293835276542;0.30649406358735376
0.18937492737325903;-1.4019887824382813
-0.29327509427195614;0.7137038011351063
-0.2500293053443505;-1.2423846091890292
0.6824353779310209;0.31477432923317294
0.6913344601102906;0.36099373996925443
0.0573381853923299;0.4507994307877946
-0.007551701694896514;-1.064515625994557
0.3792906503674776;2.725647870765108
-0.8953726524357812;1.1281763605026314
0.5976496274576742;-0.0988295184050708
-0.17856050549396166;-0.5500797924746308
-0.11452245921828091;-0.9922974607330325
0.6252617756393704;-1.7240620038664358
0.7351267157182105;2.5059317052990933
0.6770700161286294;1.070482515258159
1.0247954088184748;-0.2914669367276817
1.790275268364982;1.2967275356865577
-1.0552251873400016;0.29694080602108913
0.2620279023517194;1.4307391034721486
0.0955066420175977;0.4220842579262441
-0.5346742128807271;-1.4754717062237646
0.7100226926344428;0.7298051408768633
0.5605244484881511;-0.45849310132628046
-0.3557270176192442;0.47246978141090495
0.5523887008690962;-1.1174883781788958
0.5383168984196012;-1.6296156727900026
-0.06959531289827263;-0.148193078398644
0.08441804905013951;-0.04324229135429977
-1.1448634096663146;1.914698703623275
0.7202503549236252;-0.2665317111309518
0.5134935072699505;0.8235265296920748
0.25104442757453904;-0.4900007665001268
0.47867543372065874;0.6495122433987542
-0.043882884135665705;1.8418130944955338
0.031030170084121296;3.3812089586153973
0.3782870147233767;0.7104407418450923
0.019899191922631215;0.3364750213238323
-0.9590990362643036;-0.8447275505474433
-0.4718224989071777;-0.14179539373477903
0.7991538156046316;-2.836359529839604
0.7577235722798119;-0.8196170000038153
0.2784954548106292;-0.06605765913106898
0.714184706057511;2.2369570199761655
0.10133633763471477;0.1698497828069409
0.6883155076162032;1.281492341024578
0.4713400337149125;-0.5375357534097532
0.02759682811545895;-0.869829104077374
-1.2104142380101175;-2.01362500098246
0.8660230153800131;3.2732821981842672
-1.2924622160517654;-2.0781145288379363
1.0629119925253336;1.9965267571804013
-0.24510131607118696;-1.8679422455909094
0.45765703599771945;1.4348261263047577
1.137572437301476;0.6357235925606679
-1.0750185850830358;-0.850162395028633
-0.021996089711842404;2.1145647102642107
0.29383125467821647;-0.04237540520305639
0.6546055836818481;-0.2815400208432875
0.08222564684619126;-0.5935275747764018
0.24539335141570995;0.6076338950383311
0.24732691857670308;0.6184236021088931
-1.1082780773365344;0.15726897062390588
-0.046119749832485804;1.192542260559299
0.24859885588583663;1.4006746142489035
0.9015883516520447;1.0837685888546378
1.1344590160825636;-1.6118500303482743
0.6381486864901057;1.5382322897135536
-0.5659537930809188;-1.8442394753087112
0.8515110989208104;-0.8777298967030955
-0.5969496048746393;2.3483672797476407
0.7269161962066804;0.7374649005901508
-0.5666432712625482;0.8133244443847174
-1.082351375870644;0.7955120202235846
1.014624922233678;-0.9592735807424626
0.8399984972806452;1.4231432459971671
-1.7995981234197271;0.00838937818245237
-0.4045233141316948;-2.17745832913829
-0.7735874045652045;-1.8347743397768512
0.4994181151655157;1.3765193641490903
-0.10547229857048532;1.7185139853997522
0.07574356520701075;3.2370731978613243
1.604737312599257;0.432770449452712
-0.7323879151210229;-0.5189038227776339
0.07178272673019089;-0.294485122407572
-0.07188958393028308;0.33559661121173745
-0.09234571438334487;2.259511717656983
0.9749349020351099;0.516091520288392
0.33503866268143767;-0.033038351899305436
-0.7073179964959951;0.39546264052715846
-0.031848201326501416;-0.7410269241469539
0.45693736132027296;2.6054774525946884
-0.016874515628109328;-3.1881650848010206
0.4309311470813825;-1.046206966449453
-0.9474782087001162;-0.8345904889100144
-0.6346100981770675;-1.7866377393844222
-0.08457988397944675;-1.477474616737295
-1.1249139532019314;-1.169155904164844
0.041516489861571006;0.178450765361495
-0.006697057889926737;-1.8865299938878695
-0.37745618478889575;0.671691330422664
1.3591146388902535;2.226754825133718
-0.1929378670748426;2.5616568010987226
0.2141796758761446;-2.2752316521474993
-1.0171340724857478;0.05720921383707061
-0.06105579723345901;0.6499539322457655
0.6824975010334382;1.3065954504082444
0.33455061902813976;-1.052430476720605
0.08340773804709653;0.23012042423249024
-0.16800487595243585;-2.761196833901987
-0.38211260403944397;-1.0047087415375915
0.4165053777612144;-0.4104857427620664
-1.352782895969692;0.8401393964630075
-0.9748704024558023;-0.2977256588091055
0.45315307771094226;-0.9200111423697324
-0.6451795312714043;2.9045237701271622
0.6294534462739617;0.8075353028099965
-0.9458835582013868;-0.840099693776532
-0.12227206116014888;1.384270993479866
0.8641130282474446;3.3985539723172864
-0.03076590120993901;-0.139153660112933
0.014913656130878023;0.32126368095653846
-0.33113301174852316;-0.7880672559796417
-0.9864224113574784;0.7790196674487992
-0.08201945750200287;-0.38194193293832335
-0.43762073561217535;-2.6631068976227064
0.19730213295184887;-1.739408840818099
0.8047310078253341;1.3230823579017852
1.5875009238314157;1.5123822864127872
0.23338562504399107;-0.05239592332915411
0.6406317467205364;2.5563010803072483
0.5352365120262208;-2.831307551503607
0.16109499664263396;1.692921806932717
-7.710412447607709;-7.353456060174686
1.1273923923354108;-5.058806833184342
-0.2780790648623874;2.577844790544848
-4.272988156576433;0.8956853055046263
-7.132423315409923;4.464446795847206
-7.801441504017058;3.897349327636082
1.0232850425741855;4.102707215344621
3.031418942398517;2.11652344160456
-4.808885917178918;-0.1483734038300586
7.8942966669456816;-5.125796574713291
-3.2744729353483244;-4.885346059476186
6.845408025353926;5.010119752104297
-2.517774342989645;-2.499246076336842
3.751119296933755;0.6479504460804311
2.505055507399927;-1.6138734123907117
0.4571160518759889;3.0891957592204395
-4.604265558274406;3.491175697783701
-4.0405954074408275;-4.27151518420049
2.5935961994963;4.425459423460087
5.615459912029831;0.5540797967298854
2.9032542127811407;-5.429174905886798
-3.9847779963890364;-7.883030171006148
-2.9413489100417287;6.287553559481497
6.455835229310777;-3.9759465545404282
-5.282782206588918;-5.544488805186852
-7.435631244207091;-1.410403387514119
-1.022734318506389;-1.0978546310483814
-7.6907660331441114;3.602926154392275
4.252238865745078;-4.976457487059374
2.941320148649437;-5.016639600794381
7.979892684239209;-5.608831803737456
2.2937211675361215;7.076393377255375
3.333342318184261;-1.7222159547366065
-7.0245361597363445;-0.6049207281127291
4.019946578062045;2.7760787267619023
4.14827609244813;-3.0584012560775538
2.6841776196757863;-3.823044837790242
-4.635231540340671;6.414171884908251
4.9771678315082415;-7.444757937587337
3.1162426978410487;-3.8850483827497975
4.2687910817470005;-3.866966145088398
-7.505565756323273;1.441200923796126
-7.991100929367784;6.387722622493554
-3.579848920517957;2.2681061356520207
0.8497771276162229;-0.830614267416145
4.675261506886297;0.2037022111914606
-0.821728128951559;-5.97201013430648
7.596608182073712;-6.096417107888392
-3.9252725409520313;6.518409684164716
-0.3800079728600103;2.1815653269776334
-0.6325977752785228;0.6224112925906038
3.9091250886791276;-2.038457032924633
-5.336315079006516;7.859765043929613
-6.127675964167967;-5.91671571043579
0.49916912585377027;1.7357842824026477
-4.353318035200445;7.4779342265983875
7.28930937824015;-2.4167955438332456
4.31036098898803;1.8543237985290784
5.040562633013797;1.3386507556647462
7.103695886449394;-7.790180866108587
-7.729734968444758;3.4116049225706444
-1.743139930524551;-2.0410652396831956
1.9721141475289965;7.539736411736044
-3.9128292678887515;-6.341603467571723
-5.2395777740373415;-7.0630698829299945
6.165495597332981;3.7952083722161625
-0.9593087176431556;2.6052089490124253
2.785018592856721;-1.9301238655192865
0.6871144772814919;-6.003029645421909
-6.855499443876617;1.9078983215487302
-0.2811425782165262;-0.552261031967209
-0.5121774756948696;5.100668286200877
-5.054241228039814;0.773589021839598
2.8624649687714516;-4.407369412008078
0.3652639026904012;-3.3009233303150882
3.0131146123983896;2.1019376191493393
1.5938443405377658;-4.769125356609514
-1.6864932651094726;5.203579914500601
-1.8581811258375591;-4.557878380675255
-2.0832351438049166;-6.097815171749277
7.816699932581843;-4.078205777025746
-7.783603671543656;7.278214991444402
-6.705024165772723;-7.981698211313704
-0.18005225692259863;-4.311939256502438
-1.8334340851585402;-0.6039242770135012
6.20391939920653;-5.489617903700941
5.094887098531476;6.915290614312031
4.397908980525029;6.744027123999208
-7.901543974398978;1.0046523669899976
-7.9144588743250885;4.594992733649541
7.753968542879697;-5.285211259457899
2.9992759774029665;3.8402013580962997
-1.759661817169425;-1.7247431088666243
5.652606641975389;4.050548549635069
7.422714299314093;6.581945247696437
-1.0278490111691543;-7.2931310033843335
0.6674458242021508;5.811752796554112
-7.19377654785797;-5.01168551108332
-3.076452572608744;0.11927866594729153
-1.099027610063695;-7.256418872932246
-1.182737272004701;-3.774438971657471
-4.429753988537255;6.088767810608051
-1.7935552938746522;0.34036830537838725
2.1084580264889468;0.9619950038486174
2.326221233944233;3.9407046612244425
-4.300027332452784;6.237951112057441
3.8250735980300004;1.81759056437253
-0.48528606119281115;-1.072486691256449
-1.0601063475507697;4.622482920253269
-3.406963145911746;-3.5942482884178943
-4.882053085768355;2.167626082121984
7.125245256643391;0.2778449437873185
6.709906961345936;-1.1839480683621009
3.9616506120063217;6.347207059073616
-1.6168513147480095;0.12479183819317363
3.728619782812107;2.6114125328349402
3.393145067396384;4.219140114576259
2.90699720431998;6.473218869800128
-0.3145367193194222;-5.164581723986929
-5.1210635708964;-4.698443108166563
0.8580011994369894;4.993088306158139
-4.126366278514261;7.977928844280269
3.3882250033686567;-4.603089967272059
-7.357324514679561;5.164203349005781
-6.992048156173764;-1.283381850199122
6.2083896785983885;6.490055309191224
-1.398476809858197;4.419954766921791
3.3029014308145186;-4.278323652139791
-5.680293668937297;-0.32182235468304654
-5.084330658610673;2.3177684277530037
0.004962382699694956;-3.1873628309602875
-5.055426734264541;7.965447566200421
0.5762189348495319;-7.0541319705505625
-6.709959110913488;2.611707617008811
2.6368999294804567;2.471856037901528
5.107645215344068;-5.084852613726175
0.11589328856815051;6.203103229323197
4.2418233452400855;-0.3212793162434231
-4.351966272174225;-7.351980447387563
6.194353892101436;-2.8642206712031495
-6.514643436707315;-1.4599359863395716
-4.032834060450922;-1.0500078762111542
-1.2259603469638947;1.8665015095614237
-5.462796519003547;2.4303966185603016
-0.20804596421102772;-0.7836446967370048
-2.697412317336971;-7.4885623064658695
4.069769508935693;-0.37381143320095944
6.622544254884014;1.4780846946905495
-6.05960148621052;1.895604179191828
-6.271393854043994;-0.6761871493494347
5.658323536531059;2.299656554176087
-7.680000016661488;5.474977775504943
7.3371780211443145;3.267493409574991
7.957968601510618;-7.969001844205765
1.5944907853611134;-3.891707643422606
-3.8843584371062434;7.250418492050837
-2.385967229898055;-2.967292669954137
-7.081703490202836;0.6283112635993007
1.700695857200186;-0.3752428381306494
0.6765472457612276;0.9655903997765201
4.972900973655644;7.686314867405908
7.352089891604242;3.9263111107853863
0.8004450773480549;5.663538336656181
-7.61980772214674;2.2456368032259277
-5.337858612639598;0.7033460163908991
7.1896900522255205;-7.230654975553737
-4.499445268929097;-3.2692721309356525
7.674580669222458;-7.8333517133961585
5.887622237144727;-2.359477362223677
3.3455643704400355;-3.2991894430616853
7.418385893344555;-2.1785638997810057
-4.296722448586804;-4.123769901027385
4.894805980916143;-1.3550157431384449
-2.9763838790040005;-2.0948078231389875
-7.855673558511098;-2.2459361757266
-6.532955180675295;-6.017547810643677
5.678216069610656;2.821834703750696
-6.6781225577516885;-1.3465115785101869
-7.683231536698235;-5.486845631131413
3.4006592929320316;0.058772499166972025
4.30219652937941;4.439278916641751
4.338338881847655;0.16194649310662612
1.1911835650590827;2.810656364084071
-6.651656252692826;1.476898161426913
5.967641879789859;-1.0797752169304662
-2.202433649402183;4.339852850444688
3.801079828591691;-2.1706985348216623
7.102056515947007;5.1713021942739665
-7.520308717735158;4.743973831287331
0.3284291078220889;-5.137549230206227
4.982871370571889;0.5407472913486213
-0.920964845628859;-2.8928413002287705
-3.9414873413239437;-6.145677858980486
-4.888844923262782;-4.041091662827778
0.9702985045813488;-1.9253676917907807
-0.9019142165858529;7.821539657511552
-3.0405630179552254;2.5594515839506613
5.4059706270674255;-4.579813188427494
-2.0640794594387692;-1.3687297916446468
0.856031007601116;6.532612620858492
-0.584436696602392;6.183099044169499
6.736023187592801;-5.144061615588658
-2.8865476809019146;1.4946335647879216
-3.0537858272332823;2.7782635187655913
-0.1252178965404216;1.6138712732851737
-1.794731638308786;3.7875395536773677
-1.2633036428699587;-2.239843163442927
1.7235790942362073;-5.780926448663518
-7.412385400653644;-3.180196704300954
-0.5206612880366368;-5.571507093707675
7.5134426432041685;-3.4126971108452278
4.984963150311481;2.1811838791463387
-3.114080230648815;2.4422577720260463
3.253034170763554;-7.667045589807314
-4.565585770669911;4.468287162959053
-6.054450836205463;6.405996154258199
0.7108682319122739;7.80395758634552
-0.34734579146077316;-2.100171020779884
-0.21322623288230957;-2.484934291113902
-2.101981483540607;-5.1549715446317865
-5.8671577580673535;6.750347135801476
-4.952951968012636;6.510358957498772
-3.831672794176054;-2.4920687456871775
5.836586003728035;5.55535726793048
0.5503499246012726;2.096366912081457
-7.24730830993494;-6.608749913383873
5.285248534839383;-7.08826428651766
2.1815101012839886;7.683745176760004
4.8671640578869795;0.9073115997103773
4.537896985845602;-1.2619400889869876
-7.71745787442244;-3.663538496456315
-2.2744051393166487;3.6764141176971084
7.124755069745408;-0.1106819148625231
-0.7655927595612049;6.088536026064077
3.1109438920988897;-7.867492892870446
6.812916633550103;2.5004116141111314
1.1549508642334736;-3.5110365606482574
1.1328980260253996;1.5535628749106039
-4.588339666971013;-3.907776885854002
7.571813433611039;1.1629379406307407
1.1995907063688485;-5.301805212158934
-4.403428041462124;1.287736738323531
-2.4360964225135415;6.603049831983395
-6.348063385903384;2.3230239153207943
-3.151707280234035;-5.480915432677557
-5.3289192980621145;4.669227013600713
4.408046624456762;0.1923311823596059
6.0454082671297495;-6.442282789554703
2.552584624721206;3.718049684778304
3.8981557605705;-3.8446628746618696
3.680270234109832;7.866932676448782
5.505163011987927;3.691389087886373
4.623955144470081;-0.41511738634176787
7.568164375899979;-6.9842317647392225
0.6768609239157684;5.492364565607158
2.0774759018036946;-6.083991876545365
-1.8197105754098644;4.875055683331231
6.461063563647798;-5.073032553603825
2.262930550875355;-7.494580028448265
3.4080095268150536;3.0560834174043308
-3.828623948358363;-5.255785544187596
1.7840241014973302;-5.413642861462735
6.408750142946902;-4.15942991689673
0.942971412425857;-2.11640938900946
-1.8105656735502205;6.2817268007352975
-3.8749269097986385;0.9051015675159348
-6.708055820929678;-7.002362964430693
-0.9940395933959785;3.4509151297278997
-3.6501307719085396;-1.582307525455649
4.080174460073826;2.333551851151638
4.2501338613529125;6.350623759146746
1.3710734285233404;-2.684711478888211
2.639164887669363;6.675616047383215
5.0103732723584;-7.364426134351152
-4.5563424923353715;1.9953225657035958
-5.133578082662588;6.016904411269332
7.046367578580558;0.7134559822770594
0.29353340796657434;-6.169986511709109
3.70422553112658;-3.495002105960518
5.071838602808725;-0.9802215781014958
-7.207565201071622;-4.307172650507317
-6.898682814281617;0.9224399887295185
-3.6837931332534417;6.882767008748235
-6.061291828278064;1.2248672023756964
2.882025098723547;-3.9082996014117075
-7.650525278301126;-6.806718078786542
2.5309882349513053;-1.6694701409680235
6.718017176002883;3.529524177675878
-6.949978950753541;-1.609961885371245
-2.3545143578393706;7.601225073672616
6.869183172485233;-3.0190550684947848
-5.9794551393595725;-0.41335863783571547
-6.171503985064511;2.792064164188833
7.171727417272981;6.965653473630708
-6.183596110816822;3.310296112922499
2.9482580317045493;-5.743107734480915
-4.831228900090409;-1.8318054090956224
-0.9491265375658671;-1.5566082351661858
4.993660931851519;-4.521369275108345
-1.251655640471025;3.719168326345491
0.6324977556104407;-6.734091734996296
-1.9598547303067786;0.9431929824307801
7.056886495739864;-4.307192133431522
-5.0429896666969185;4.939987042214499
-0.015412989942859667;4.439568407745723
6.382312927821889;6.013003957088422
3.2664577203929;-1.5856672443488442
3.985461067227403;0.9270339053050574
7.807550008310642;6.824106771235018
-2.335291856949521;-4.230918488633824
7.052039461380357;-4.827727840885469
-0.4526009177876862;-0.8199395453450276
-5.361350010821793;-5.621632511536358
-2.8087912906173695;-1.1623534729398006
1.6588769370790803;3.5978946962327747
-3.1357258017288547;-2.720091279239485
1.1039521529975005;-1.7289659038957197
1.1994548017908144;-3.409779453631911
3.1566923882009927;7.697112823005273
1.4196951713040242;-0.20577930819353796
7.235267581950998;2.634837287182359
5.703860823538427;3.0978064516806043
-7.626211581413887;-3.0209397079090703
3.7908646836468254;5.820154663188857
1.1783774355626484;-1.803860012485755
-0.5925617828310212;-5.8123125886771305
-7.582650916538261;-3.2739658753313137
-6.762241327623233;5.8808763512603015
-7.494861552993703;-1.6448085679930902
5.535597003919982;-4.216544035502611
-7.351609636656946;6.238241563644689
-1.7061149682144379;-1.8204147867449674
-1.547083542510439;2.4410200636110044
7.028955878504165;5.479651307390398
-2.0940794085798764;7.964503230946834
1.84645569778605;6.731127191211581
3.0079863809326195;7.168100022220964
7.18000548211748;-1.6695671659103173
5.16233940283351;6.465541104141845
6.31087890549605;6.812546605162257
3.318322352949844;-3.7597107291478
-4.940530758857598;-3.4027194439327317
-0.8883671047093529;2.9313785514037214
6.025538301825847;-3.7346108124477855
-2.6909554209963904;-0.640431667305366
1.823324790520493;-6.169578190838434
-6.085368720425079;-4.552370999710348
-3.67031695867192;-0.831458000055461
0.405269739380536;0.3677970952153462
5.320734905572113;3.6275589338643996
4.365472962943111;4.97095018189459
0.3691688252601999;3.4507142424053896
-2.5939156556700933;1.8830928514180574
5.588372086401268;7.510329723644743
-6.283808179319566;6.839795970042902
-4.149662305745098;1.1058176628864462
3.8643527877032415;-4.16076912466588
-0.9258024980456483;2.366393947132206
-5.872105034442621;-5.963593069829496
-5.031552378865046;5.6944153723458
2.5438372957794595;4.747969149837193
-2.3293278517061466;7.782733159810517
-6.331723282543297;0.044722800826802356
-1.1377387747413028;-6.629430844615436
-6.50094060729014;-2.6691626539576667
-5.699584282123167;7.477198343879206
-5.79318674775371;-1.350051489925093
7.294317095473605;1.6509750945519936
-3.9657840943249507;-0.977251493941111
5.210782999574317;1.1804345883793292
-2.1709926145278136;5.271704846683821
5.520382614036118;-4.650139143032918
-5.285991789793995;2.5882985645639742
4.45594123074415;7.971663535932294
0.4148775203589228;-7.012717220247296
-0.6487957386881682;4.539820615685372
-7.469293328803461;7.154500139667251
0.6137844256146483;-0.49900714144128244
-3.139527596816187;6.8924264214710504
5.054396715104945;-0.4612158360523946
-3.113183974990129;-1.6191865179631826
5.429106665433103;5.305107947294427
-6.8525659693740995;5.0900833148740485
-6.246151731757944;2.2550477644094418
6.467479028368272;0.17629080051321466
-7.349682556441733;-5.432630366325265
-3.9687501814135384;1.4974452963479834
-0.5848081973273711;4.798413898180598
5.7239935886938955;4.4970490766330045
5.095285068484435;6.078448625428408
4.816767249662648;3.5709941236421336
6.075870469507166;-1.0648892021925143
0.5812081227867214;-7.328861358706471
-2.250698216972447;-5.813454682098918
-5.111403351421412;3.0096223475151085
0.6639524764262337;-7.310609547124347
2.7038038959960247;-6.880070475651587
3.4307057413292785;-2.0964684633616475
-7.0870668365789555;4.877045487670996
-2.2582968736668985;-5.464583664494148
-6.237156811334998;-7.6381789723380145
-0.6951058596786037;-6.753616205703979
-5.7638123186093715;-2.25631684259924
3.8781250335331965;-4.747358745283822
-3.130395063298545;5.490848595147085
0.8130662818996637;-7.951468560060819
-3.2132938875739363;-3.329230329163419
7.25032894504904;4.7440093685631854
3.0531789810749608;2.6204838360671
6.274501324719285;-2.8449283014065756
1.7509556757214693;-4.017352875119212
-0.7425364484163364;1.4931596869544421
-3.3622846063192906;-2.533800998967532
-1.8279026274644927;7.0749170814941795
3.0896204739544793;-1.7435925094798606
2.6542514683125695;7.468146844796511
-7.233716397875654;2.4864118376619544
-3.1026803897901125;-0.7875554061264314
6.034450478010859;-7.439249374273215
-5.623560348320975;6.302985242276671
-3.221706173657765;-0.39560829278919485
2.119951656172409;-0.8090659600647303
-4.2518018178216845;1.6773097252984446
4.33240642996838;-1.4147983450773456
2.8628499236297777;0.6367681678972019
-1.5086976960633756;-3.562883099349458
2.3686309763376503;-3.3109252347334444
7.126824788848074;3.835839415934265
4.983544050217985;-5.490161083898627
-5.889932883347601;-6.798262685398049
-3.6221103774282764;-4.071227889544719
5.978612500395354;-5.842240227007839
-7.374490616437122;4.385199195922317
-3.2331967598504736;4.66794272388163
5.645802834138804;-6.4494244826214295
-7.004005717276787;4.922318798232682
-5.984221257685515;-4.820204831312614
0.20179908353100728;1.7718578031644796
-6.414883466473926;3.0837597435474144
4.280238243990016;7.450741241002268
-4.374275121403803;6.8314879886096715
-4.66643860847404;6.268102936382418
-5.087538628027561;4.69693212276446
5.724659118286411;-2.292719117363932
3.284860836435133;6.405197046840264
6.1825037311545845;0.7026704189153676
1.6650027985536173;2.1996181485513304
7.131383266735272;3.803584601568261
-5.493467668667964;4.659597982295082
4.177854607901372;-3.0122493711591574
-5.090898991841849;-4.572148993407163
6.897410353844771;-7.524325820511205
2.5587330647594015;-1.6609200599504383
0.2738018124272976;-3.584497372969329
-5.8394795409536915;-5.99773305808886
5.49229939001731;4.457308852326902
1.75706798035635;5.685686456381902
-7.503734181949264;2.092673175019117
7.451480705799636;-4.10235285402287
-5.038471194107704;3.946540586944721
5.20692296456531;-2.841512963211489
0.32061245486986323;-7.419480431855899
-3.179011741197497;2.507781512534841
-7.358897729756599;4.616807378664111
-2.002556260351529;4.9539746497793455
0.9558177303184738;4.815037621911424
-0.08443402587365334;-2.7135050843830903
-6.538754568759799;6.574506663753297
-7.518896908739828;-5.469678769587208
-0.7196734372944853;-0.42577955767679043
6.622702961329908;-5.079237288637346
3.501880461571348;-3.18347165014797
4.453658908355312;4.3893779812706715
5.357123883261066;-4.478802813144478
-1.4079192827062883;3.6455576555943274
7.159452559239423;4.5951407647475335
-3.272287177517871;3.417567381764668
3.7963029690099095;6.033638574858115
-0.04699256717125344;6.116811467245073
-2.8882194510365053;-6.93592026786437
4.9333801347635795;-3.321734659496748
-3.525035414327041;-3.1448287110590254
6.210865000280878;6.686372434996569
6.390224741900049;1.525619749723921
5.229699323522944;7.951668648324766
-6.753555332243417;-0.05241624949286816
2.845303205799933;6.566614134630807
3.3408639571071816;-1.8272426066557745
-5.315199134653291;-4.791675526176551
-3.9834484683380698;-7.6228394949354925
-3.9905175492498692;7.459185131389962
-5.5184984813598295;4.145869121563239
-3.458616989319504;3.4996669196268293
7.409357205492094;3.519716526791706
-6.989185689178864;-6.548744853985552
-5.905330662787691;2.8238076827453096
3.82694498874241;-6.078078780859656
-5.451577560003184;5.4070685581563485
-6.051563220935844;3.53644181902183
-4.213779345131618;-0.7199654316203077
-0.2564331755326368;6.484827503878957
3.370394736200197;1.5611868177242592
2.5878561625020353;-7.108496209869839
-0.6075253765682191;6.487804352057257
0.20100837526379323;3.584439790966842
1.8306046678733168;4.0776907540920035
0.23233580468055592;-2.285887678237028
6.283251573904424;-7.197200324706712
-6.5495854901292585;4.614356000823138
1.2611154387819319;4.782881085826785
-6.161364694093434;0.6702621266086926
5.185791723990889;5.500408031259774
-1.7539121397355029;0.366597917681343
0.985242075890552;0.605896723703907
-0.6058921397389572;-3.990674436100159
1.1269409969178952;4.893455428292013
-3.2539229261076255;-2.14365604458367
7.775638061730488;5.203673043835298
-7.695354742570773;-3.8458127848854247
-7.664729439431596;-6.323185246246737
-1.6323613976317972;-1.0275317617446156
-1.050035944575411;3.3161888383870775
0.3014276594008276;-7.936286337962674
-7.701181332268531;-3.550056728749327
-2.0849719973505216;1.2597368355009984
4.393937856846472;-1.9087949984405643
-2.4024596913974072;-7.438889168129766
4.574575502907241;-5.008702592655892
0.22113471941004015;-3.319093186091397
-0.6670405938582658;6.282566409086526
-4.298155805730941;6.414936207406283
-7.098278677002963;-6.648870823393725
-0.037654364511277905;4.831763525333148
-6.081064930438707;5.749881584839036
-7.5877608928133125;3.7497338632523842
-0.757225341789729;3.8477484726692417
-3.3798788203992736;-0.5961941081631661
-5.8170760923996365;-7.388960201375042
-4.440895284456991;-4.684492888428434
7.3984866734748405;-2.4228815971687343
-3.051273629075075;-7.025056635023386
-5.121364233740634;-0.4776125570749148
-6.899025623400027;-0.22893599534584474
-1.5226711438535379;-2.3568817822482355
-6.766360168323976;-6.717751906205372
-7.324399869462281;6.741818551390745
6.336543334207249;3.6317892552910838
-4.795176414579194;-0.9592917108395262
-6.95512811088631;-0.28544978668520393
2.33259236709031;0.5176513173160266
5.0088453847947;3.692029103810375
7.308349791975266;-5.781039372266955
-7.7712309261247565;2.252249723691083
3.572777978109041;-6.092393839953409
-3.6936246711589593;6.4339355829582345
-4.525433866248678;5.684124227584135
-7.338854770349741;-5.070130444676183
-4.18785174806788;3.0099587321814205
5.719258728652436;-2.2396638991354276
4.375181028979458;-2.1505225801576238
7.377485760576571;0.560318295500867
-2.47250787871293;0.2410832443361688
2.4720144314605523;5.301188486165433
0.47103599737870105;1.489963196609045
-6.655082523819663;-5.11630221973598
-6.015382600470188;-0.1255663855683622
0.46901220805996857;4.349852621251156
1.5052913335919644;5.732180355141708
3.0629612512195834;7.0367494437665705
0.47723876076992866;7.9620021903476434
0.913828850421373;3.089370851603789
2.39389761337001;0.3264534737443583
-5.114965299962188;4.357073356550805
2.857108573639369;-0.2544180479311269
0.6329888221679525;-6.842467958227363
-1.923387893786261;2.7799330880136477
2.4364319428911454;-2.00422865407854
0.25143609456826255;-0.5922487751988381
-2.7456387631153873;-2.856046614894657
1.832467585132072;4.572721464008234
-3.0569831926089073;-4.0572838578266115
-0.3190105827912788;-2.5245053509779307
-7.037866850148507;-2.068603213672219
-6.104106966218296;1.8769061335194088
7.144791609250323;-5.821888348342142
2.0417857977501317;-7.563446544143336
-1.9611320838450634;0.7478429910045428
-0.6887585469270245;-4.885773554424771
-6.747800402809551;1.0732443407969434
3.859641851462433;2.8031990056208933
-6.7228427554476475;7.385729628661798
7.557255573045362;-3.20559285924468
-0.9763441222269638;-3.9049249962696706
0.590099340551939;7.838491695461242
-4.318587326489332;5.634882042413279
1.419974775855401;-7.5905378328268185
2.7652075566087966;-1.4511411537665921
-3.2630805402351655;-1.7288031619240787
0.7825789224768158;-3.6161954532331073
-5.316242384658098;-3.139765918911687
