-0.8392870718314775;-1.5950948357253356
-0.4420067705429665;-1.3121691067693697
-0.6539023624586472;0.0372554779021004
1.5606549920602264;-0.41677702278607065
-0.7017163194504971;1.4878727301567793
-0.48002909143465894;0.26277674827769115
-0.5777398752297944;0.5836466687021855
0.18801460434060205;-0.1623483780573807
-0.38117065745928297;1.6493496062823225
1.2187276245477034;-0.5535953023598423
-0.3635607034631466;-0.3466768240304004
-0.8267596111531482;1.7585136013030802
-0.103965563669391;1.0591531373706846
-1.8586455033245388;0.22231323303320946
-0.4513329128502332;1.9920476274860413
1.8406981285123183;0.4835861662244953
0.27169973639310335;0.38514597641049386
-1.9315499996149668;-0.14996863211242917
-0.6968979604655146;-0.969917976891955
-1.4678565389865745;2.2030230861658877
1.6111182039427039;-0.2695394352858798
-0.0014385784247669864;1.3491507175028072
1.6129264516787643;-0.08513526927950239
0.2983655907666978;1.3172479003865665
-0.10763042152801304;1.6633514924082464
-1.0590685812496943;-0.7126501253987259
-0.435157372395056;2.2440960878156617
1.354564523536142;-1.2794620919934554
1.2892425930624867;1.0488220482381838
-0.269175689915713;1.6403405680362821
0.1257619256952202;-0.3952338309877434
0.6561243175623199;-1.7654239306039974
-1.620179929570483;0.06985033999786379
1.2364808199903574;0.024501152389131937
0.5088744251775613;0.17393671182552034
-0.05142477179991932;0.11811066836353978
-0.8429359054195598;0.2425961212066598
-0.17303631093494082;-1.3480655166688458
-1.1188782424598178;1.4975630846127308
-1.394888809234986;0.11767430251713444
-0.46317220262504033;0.7577392196158069
0.8929665593502241;-0.8955640375818591
0.965763053803242;0.48925858604003997
0.05857192319799544;0.3306319933761148
0.756244181087414;-1.4871462823768262
0.03414069749685024;-0.6612319652069701
-0.8115294790045824;-0.6759864883644415
-0.5982169856888755;-0.008020666470397316
-0.6069022094967489;0.06469423254365975
0.8370783074563595;1.1288121446298622
-1.6540359121598007;-0.15667204837523138
-0.5018149006670174;-1.2317243075855582
-0.29201731424469085;-0.3722576853417826
-0.791068382432187;1.2068432826048612
0.885537041452175;0.9032451450306916
0.6091033325225331;-0.8091223257258751
-0.06172415066882023;0.173112231406968
-0.9668596606857297;1.096985767734961
-0.7022470539157034;0.8875204401476966
0.40067068587609334;-0.3217167597149897
-0.16461731137626884;0.6681081554997508
0.24832156306145814;-0.9144548870375496
-1.5754132800848129;-0.2856865273910727
-0.2983866518865266;0.6806350044125581
0.32901934701481944;0.4977964376818828
-1.3233112629287909;0.7746428480685867
0.05219675688548244;-1.1102968423475494
0.16862378681321152;0.3781318676742451
2.1045738325997854;-0.43407802247842925
-0.026844506062397015;-0.008852160235274867
-1.0301672735540897;-0.1986610732608879
0.33162105427187033;-0.016258462617852857
-0.1639053987953907;0.694384210556204
0.2690008130145466;-0.9596408310284995
0.5072499335994548;0.856160514818033
0.4749628525932497;-1.6538829900294458
-1.819450196332276;0.2965738707860815
0.34363987537305957;-0.8756001367500427
0.44444599377238236;-1.4482131706224135
-0.7382216059995502;0.07324713297766525
1.2071833633833762;-0.8586515455703316
0.2727918961816746;-0.5817392322757862
-0.5956849751805628;-1.8011250603859668
-1.7791521347379151;-0.6912227407354893
1.1490989447583062;-1.6207444072453192
-0.2244180882487024;0.01654668854301052
0.5011492853497492;-1.7896609353037944
-0.8559418859760419;0.6832172665283177
-0.4626874973670756;-0.299048002764785
0.008667247726891827;-0.8119973604240761
-2.1692794149635746;-0.09995615220357482
0.23067573472632674;-0.12763253887628584
0.15512089738363563;0.040280515918386724
0.02674405307150243;0.488401797098732
0.7518364965547212;-0.02816032475612418
1.993189329193274;-0.6848654438500984
1.0348876763665442;-1.3892411861677199
1.5823746708986357;-0.32035966101432356
2.193522890642589;1.0903002850054444
1.7297290283491706;-0.46348053796496025
-0.0884337739658737;-1.547928635917511
-1.1926027836843454;0.21481490054926797
0.9190967539604267;0.48706359820355144
0.6987013104204465;1.1701447385394443
-0.1784434350302587;0.770571595810709
-0.0656365655600904;0.5174612789326806
-0.9885527867853163;0.22869463617784327
0.7503868672246496;-1.017109833248829
-0.24585747144501774;0.3342564013016581
-1.1507752874405044;0.9802308912704584
-0.14431758895774835;-0.22447453412915191
-1.483234404939182;-0.23300244686205485
-0.31903093788037296;-1.072909196928039
-0.002022663144162891;-0.5731977195115445
0.7811019531103229;0.9798890092951063
0.02645984246711966;1.021934473841163
-1.0055445703249697;-0.8788077479728825
1.565299135238464;1.1558752504734657
0.9923771342958944;1.9241151398687828
0.8982812399291813;-2.5487443292955776
1.3343180999671427;-1.1723408579944918
0.5115480875306639;0.32924497176602757
2.610180627144065;0.11348511230826466
0.3835120564414613;0.11070827115008383
0.5351335326357568;-0.20737125866548692
0.7781450245466514;-0.43009028672417365
-0.3140424012438988;-0.17758201478967237
-1.5071792332606144;-1.3452752079204222
-0.41012309169068184;1.0792982479155349
1.7026663905403732;2.477629290981552
0.33646445809700637;1.5821462887630777
-0.21421031107484784;-0.7034882876811187
0.3451151277933931;-0.5446633424333641
1.4669317868259728;0.5650339106871121
-0.4454092843247963;-0.42980738489070064
0.6658506975420301;0.5973575305570943
0.07989254536882673;-0.5554701391718626
-0.4260532565516231;0.3970086023456333
0.47236602996300653;1.6614458084287782
0.08999043595539634;0.44699490566828626
0.9421213426634494;-0.02640818802608622
-1.1115284514563215;-0.7699304955456948
-0.27382951459389615;-1.566754585035454
0.3234018012928012;1.4901575986932862
0.5142240919116794;-0.7209633875727375
0.5187957251539412;-0.2791115847117417
-0.49560131047057804;-0.7102968732628534
-1.5842656859616149;1.6679951385022722
-1.1484429935422085;0.15034477032306975
0.6198414161536429;-1.560978457576846
0.14325033943814333;-0.6791639975410234
-0.10824809256435676;-0.24026630449396588
-0.3286257181059423;1.038806672077209
-0.035159800729993244;-0.6983113162207532
1.29879782126632;0.3204471757245285
-0.4714568695995413;0.7458542764048784
0.5104420932020446;0.8274034495853857
-0.7833460711253574;-0.43489338758412804
-0.5411316825885041;1.0347078454758178
0.44433613913325026;0.1642002099475608
-0.8260443677793686;2.177938607417655
-0.6252410718543089;-0.4813769795998956
-0.3987126304064542;-0.38168094853258505
2.580121090975843;-0.03609953117568271
-1.3466110242239726;0.11487457789980138
-0.3403982907284492;-1.5143738295207618
-0.054847450750691785;-1.5272080444963634
-1.4480204759449806;0.7776215636699663
0.7706720846774304;-0.7595774277190148
-0.7556208032620018;0.3907038668239527
0.6235239578558179;-0.45111305388029166
-0.22649224967717888;-0.441251599297893
1.6388398432253528;-0.7711950432758506
0.2574501981724028;0.07535007205319022
-0.670824344794402;0.15763039931279035
0.6512459276291849;-0.9949843323690137
-0.985466753968898;0.5306300427545197
-0.9029480304228359;0.43571123578752774
1.4788946849743572;-1.2576690030814985
-0.44070466337513553;-0.9446689162692017
-0.2996836562668379;-1.5411516583394176
1.8643905342568659;2.282514503891339
-0.21738615639266745;0.01763557199715865
0.7237222759202506;2.7639784920558297
0.7015162973896246;-0.2877920429745273
0.08698355113103422;-0.23163870371003717
0.28804164329638765;0.8344887749014193
-1.6427329070500059;-0.5728371888400108
1.2516619361187593;-0.53051331466187
-1.1246408318366705;0.15303351585791683
1.854603026999916;0.25435893639162405
0.7896560176259652;-0.975339396108139
-0.8476482048558871;-1.085052382532398
-1.5788116946807476;-0.7329024003463087
-0.20932630627782722;0.5744498468155783
-1.0613337192495709;-1.0386830506424538
-0.24113341268791882;-0.6344282357373389
-1.3032023607245227;0.8656179658963942
-0.34494413665896045;-0.7440398080066798
1.386752143366707;-0.3122192265947915
0.9271958944446713;0.020131700452492695
-0.01514285944864128;0.12603752439871535
-0.4220081345462032;0.6612159015709971
-0.9387972789113627;0.4089018250842437
-0.5071056703266704;1.1176077490371603
0.49555866147973426;-0.12959368713622732
1.3610410549510454;0.5566261918650848
-0.41750190855460195;1.4153063540423816
-0.9799208162679429;1.1650080370427485
-0.6625076606388992;0.1886483402092685
-0.2423184747088896;-1.4577184798642078
0.8141540787223088;0.38038959468915967
0.04860565130329602;-0.24813970890701642
-0.606245188450746;0.27903854875675904
-0.1233514306311416;0.27548322887019777
1.8619264579479784;0.3422288100315569
1.3265741594728842;0.6087581978456637
1.2575806557790163;1.5809470582560443
0.9353166416626065;1.4698695255985006
-0.2904778462127959;-0.779115556012063
0.13244635052963552;0.13865831952416682
-0.25228633501745823;-0.30484307455854415
0.003424625201674811;1.7782132525318064
-0.11750689443918802;-0.7210887066029064
-0.3853167399967624;-0.4825102246644046
0.600989815305079;1.2771381133542639
0.38470445247494905;1.0056329507697706
1.4698628661302973;-1.5041291741978606
0.46632958228554766;0.7121515129920306
0.03737823030840413;1.9340940025950886
-0.40713461657902766;-0.7379286597927363
-0.9540140663904798;-0.6258825742872708
-0.6584116097677798;-2.2650374056895792
-0.5610552582430961;-0.7910269430027617
-0.21362644619715143;-1.241510345674179
0.31515261184383614;1.1431194267004328
1.1643583263881985;-0.22806371553565571
-2.304810144618832;0.37502209997246344
-1.4116307264168932;-1.6777584574014537
-3.241507438584351;0.1256553050247888
0.5355143625933508;-0.1706432196464285
0.8930749441742963;-0.010633787641125641
-0.30264963139639156;-1.6106953329195075
0.6365193742112243;0.7583569761534943
1.5595668372702214;-0.1699890578939765
-0.5256725543645714;-0.540732378714326
1.7105028777160456;-0.15729476250646338
0.19097261268070362;0.938126158759147
0.15747183046280672;-0.7570828936467644
-0.17065387076429073;-0.6092569194292144
0.8854012357204304;1.3415339649295093
-1.597420207127375;0.2352683353218289
1.3637045660882834;0.11428609559874565
0.23336930959824345;0.2281006412068549
0.971135561541745;0.3881855835035005
0.16168756712215762;0.42813471445464335
-0.8946591769314295;-0.9000867620056104
-0.13169570434257694;0.025272957387750646
-1.223330028612022;1.4763885751434367
1.0424647261751123;1.7527419421028068
-1.9702756804067354;-0.38729331504697506
0.1304359071207422;-0.39258305587329295
0.5197610649196396;0.599488907536179
-1.449111855368632;1.733282975221278
-2.0379892707162597;-1.1669492283993825
-1.8509235567230278;0.866845386970535
1.1636587576746988;-0.19043705214200735
0.21013074460971023;0.28970753838741675
1.5113626874668866;0.6245652550174485
-0.11772782596312115;0.2707806521263889
-1.8598659927918855;0.6490473692997846
0.4635646934771415;0.567287654739935
1.203354113106809;0.144398798400434
0.2848137494882459;-1.7602952422110425
-0.9115529057697933;0.7896355299754402
-0.5532668522185827;0.2833219981331548
2.3837129317376378;0.23309113556121397
-1.7065619616689252;-6.157958207038835e-05
-1.3641298514369937;-0.6059645741960948
0.2689434291027998;-0.47607164961483983
-0.5411203402634689;0.37165469986482697
1.1940206734454393;-0.8747879793194572
-0.6564109134569032;2.3153490334449547
0.7701238743439078;0.8305386570461664
-0.09161376680234753;-0.78694312680786
0.9478077853555583;-1.2951732109941967
-0.8800912950913902;-1.1806174759692118
0.48533543533500145;-0.9130355349079393
-0.6709590127789311;-0.5644169162669247
-0.19961707980724025;0.9979082743062737
0.2812365436429842;1.4400590416516044
0.4097981100334637;0.6457174928865959
-0.3220742833328813;-0.8988292958730423
-1.4294599446046183;-2.3713087984755488
2.5479341188169733;0.4763090944174894
0.05906518247787932;0.6176570680155309
-0.32622457441111735;-0.4800809396963889
-0.3031782260417697;-0.3535468267680085
-1.6767467944188732;1.2033195447286664
0.6086223586375524;0.6900532243609979
-0.5804066178993053;1.5863329761558764
-0.034267696719084265;-1.2461681924595411
-0.7537757789660403;-2.4507448260630262
-0.4846623089117918;-1.4893762112520614
-0.9014526367941582;0.4739702041311658
1.678257418355666;1.5112605147111449
-2.806976150270724;1.250544377719511
0.6185172142021652;0.6352612629679228
0.1526149449190105;0.10601607088489462
1.6057344560560143;-0.11871692150376831
2.1723523611127513;-0.6511229202942449
0.2856412759981833;1.4597002836991666
-1.6201201060975843;0.8251559462088204
-0.9243614208487453;-1.4205938654887806
0.2292646488944974;-0.14929269750269897
-1.8552217109867313;-0.8378331881785451
-0.5100594241644358;-0.12786006187959756
-0.1094965717717261;-1.0296929058327153
1.8995275424504974;0.7191703407396769
0.8969566729042269;-0.13227522486953694
1.1161720117508065;0.8609358156627871
0.6166250823062491;0.6078229760973515
1.1766896107753293;-0.3039073396576909
0.6305252262078125;-0.4235904649185984
0.2857734895989801;1.03930390072985
-0.8760333601646043;-0.21252751456579932
0.38231944610837243;0.829639955986018
-0.36368936064915763;-0.5033706173210637
-0.2611175646284606;1.167486791632036
-0.6771566525837268;-0.3933949727334082
0.9559623858089957;-0.2174119528753454
-1.1143191690375782;2.604037102385517
-1.473267016947302;0.6852685485032987
-1.6668548533252672;-0.18735622667840338
-0.21702268071026368;0.4378748596966769
-0.7314916631575423;-0.18497314175025936
1.2628893026576122;0.3406748944718177
-0.3864513183656949;0.5792766124503941
-0.3417129485409901;1.4751532474117615
1.98400632981038;-1.1436189847511935
1.6470976525565266;-0.8225753644657942
0.8001983847526908;0.08073355648500331
-0.0013157218377286605;-1.026906548991769
-0.37388951162205436;0.48949701471533075
0.6660670758959208;-0.3665756101136882
0.5930823883102435;-0.30472620326705896
-1.770718371328447;-1.3099349835613727
0.24090964353604832;-0.2639269070053256
0.6210495150783415;-1.9996330592014833
0.3702312811259242;-1.6729690911315342
-0.10755264251956856;-1.0187325826629594
0.11891287703403366;2.7228106734024116
0.12348261395303727;0.6541077808081536
0.563961360417298;-2.4879665837547895
-0.37413907630867715;-0.42537676256852486
-0.9979716187239883;1.3337147513029588
-1.067777988657124;-0.7398569605897699
-0.930192330398472;1.3892943865815364
1.3329319509422441;-1.2967952486363428
-1.3657891325911504;-0.4740658713842363
-1.111695681655393;0.3542558038986938
0.931594456081785;0.5292932452373595
-1.3449785368668303;1.026006087906322
-0.17440356598068868;-2.2510151736020743
0.44282295108597225;0.38878763309082953
-0.39660149177793874;-0.007818725330092624
0.1300835909004834;-1.0823675061972853
-0.45407439188568877;0.013567131485736256
-1.4023190115881685;1.4573667338956633
0.7582091027895533;0.5386161997365203
-0.04678358460465786;0.9415891759632581
-0.6424767131526311;-0.7157511320372874
1.5302543439093688;-1.752008373564616
-0.5067240716879173;0.9577060014029415
1.3144894616506937;-2.245220537764826
0.18298890723439418;-0.603220243998102
-1.6500728888429643;0.22670073994572418
-1.2778310367917933;0.9149212829667963
-0.3436709383060164;0.38300226488119
1.608529441944987;-1.5972928022531818
0.6979025480791187;-0.5812484589017011
-0.5876143214271925;1.557935234334234
-0.7289046629851368;-0.13315977145481053
1.593000941262702;-1.2888254586061283
-0.7591518513550294;-0.4832904398522341
0.9734433969510855;-2.523211655860074
-0.38994186496966865;-1.9908099045547403
0.01707101354767991;-0.5810863433142927
0.7973928599129128;-0.7809865733635806
-1.5270516458376886;0.37389662851052624
0.2215773919692166;0.01588394099760278
0.058647604633913074;-0.28575662618693043
0.7944719971498083;-0.30229338256548977
0.6196507990674178;-0.8570246131631148
1.0428498354042566;0.9569016503185876
-1.5527249877165687;-0.6812474774997959
0.05590308631062362;0.643375378487503
-0.598624119911209;-1.852827835315898
-0.7248668890960039;0.5852852975073409
-0.3566415962303902;-0.43804678548303927
-0.015513766116977554;1.6177394344754952
0.2632343895953423;2.215268122746865
0.8569171405949465;0.7067493501801211
0.21775315823561328;-0.27216511802889076
-0.3009885048592274;0.42792499894541547
-1.701675611632232;1.1809942721839766
-0.8674291872278304;1.3558069145626819
1.643518095679488;1.039326031364132
1.0599979197968052;-0.5811341853798248
-1.9217128870526674;-0.23687129922014943
0.4261148321239887;-0.9071598435715831
0.4963382966288682;1.3679524419759113
0.662325535678187;0.7798304321964336
-1.5200390521763125;1.9362735894984036
-0.3437504672285727;1.0745681867747165
1.884995595995828;-0.18152343461685574
-1.5481463561503381;0.46744879734932854
-0.8474220883489688;-0.7022926429880753
1.1606505369268345;-0.7625913806693638
-0.02501425082569873;1.3349760425539694
0.5202922980812243;-0.05231635913419151
0.17470066868936063;-0.4408726025203942
-1.3927707581712363;-1.3693681391646242
0.9115755688327618;-0.5310445252130325
0.09730107539274652;-0.11444659505849844
1.878421836977001;0.5307768973770772
0.9430334148940888;0.893906593798519
0.7781847469319042;1.3284745932629056
-1.522865824493841;0.013668813722399979
0.5434477225076033;0.33654792806607037
0.4976665342414948;0.17263773083731038
2.101668711174958;-1.7782750294208072
0.25194940304296226;-0.9425227329110604
-0.8173223561594279;1.8433550581238447
0.7950505715647332;-1.5735645707529964
0.164499273807606;0.06916050958335829
-0.19152195598290964;-0.051637811339874044
0.052264827659887866;-0.2738273281245312
0.6779524535795388;-2.0605453632021145
2.3137810600268143;0.2814400993563279
-0.9248310119689089;-0.9868584070561648
0.8865645610828435;-0.2844899516285717
0.0422514570671469;0.3796102525350786
-0.8686634260812197;1.2222231046992327
0.0051131370176230664;0.17362927022642693
-0.2969615264361411;-0.5906487523225189
-0.5081146532351594;-1.326810394658525
-0.015444897648629427;-0.007664101968413496
-1.088505493972563;0.33948080875068265
-0.9301895169380577;0.9179174476656025
1.789975140493223;-1.4546873515264993
-0.2956259513343427;-0.3212489570054545
-0.25120407182478116;1.8931114221292527
-0.5797924070615731;-0.9898480375769544
1.1566090154987256;-1.9583137093616336
-2.0097180526207996;-1.1288831898748106
-0.017506156144757982;-1.1475668463253306
1.3796383902423657;-0.3881746303078741
-0.2932448486630746;-0.018069534953056677
1.7847574298035207;0.3047774715621113
-0.38550135176929673;-2.4294490095459502
-2.5891072512663498;-0.192490642732001
0.8974361566735938;-1.0740816492415515
-0.9746345809522656;-0.6435400083445909
-0.6056641176164211;0.26232811164543013
0.25091826318374744;0.0852878848142547
-0.07018687501401641;-0.9409848007276611
-0.18186180012356604;0.8036192007155033
1.221387464113057;-0.8735134348956263
-2.11963595000708;1.1463265766527784
1.0693900356532755;0.4729289549688019
0.05920285896107854;-0.9691503492674365
0.08436389674828797;-0.7824131386269463
0.6555597667088701;0.2288623948748073
-0.3220074628526597;1.9206879872845455
0.009546098476296621;0.2998866655096457
-0.12829077740543782;0.6347970376727577
0.06169382597956187;0.005123703396284443
1.0329083037078786;0.5582596334169909
-0.3037521555960688;-1.493965471656568
0.20535128980853082;0.7500636808093233
2.0583138903614664;-0.3626316546334732
1.0116822327844615;1.3031563814747165
0.9625597110877373;0.31682758296556474
0.20637657226044692;1.0791949330963122
0.6437925844928258;-0.973373174343602
-0.9349457296380136;1.3275527894923982
-0.006745354215989424;-0.5261985121871496
-0.7076201381844887;-0.8580398161254317
-0.782446565630778;-0.6652207524591841
-0.019970126270615257;0.17088558797351516
-0.9018980187091552;0.7390825269378252
-0.23860344402813777;0.7510596602282645
0.6743875415606317;0.4925430405170988
0.09610056771378785;-0.9383214680925633
-0.6352693374534664;-0.28756747770254004
0.2500939420031992;0.7713124686855916
-0.4273661788786107;0.3219023780448188
-0.928331965243426;-1.372043627736279
1.5657120070464197;2.976434069039979
-7.3966095687745845;4.352501521038739
4.170079737033051;-5.917218371977734
-0.047658566329419116;-1.3645021518744578
3.15376394853868;4.791652593351028
4.650366252935454;2.9597422001766134
5.3487546229521765;-4.942901334231893
7.693086596887946;2.1135041499413596
-7.94240081184333;4.31264323290687
0.6268967616361714;6.693452029158941
2.8770056259086445;-7.47853480568193
5.4905191551402535;3.84718851660657
7.267892433704677;3.1191552528011606
0.7745749584600752;0.26250658199357524
-6.812761154276529;5.40428398401
-1.116388884614386;-6.68048605898352
-5.483757483142174;-4.159113431848175
-2.1660582153793637;6.273786653187626
-5.57212310936816;-3.1624539799525895
-0.02854706601500645;-3.538743892531773
-2.931492546538207;7.034226326029451
-3.907311590739182;-3.1414543562650454
2.434201758721814;-3.1259154558163313
1.8289757884910305;-5.924071326362002
-3.098275784238748;-7.895524556058726
3.2626894962547865;1.6845844444005955
-5.812854859777778;3.601158766397651
3.546234297861796;-4.86576108064723
4.199244524081816;-5.284925851835311
4.409560240487952;-0.22905102547314726
-7.1851597790658595;3.431719260535628
0.5982649556399373;6.010435638906893
1.5948894008192696;4.702262666872173
-6.164947297562083;7.64748354058648
1.8823201204573028;2.033413423117784
5.443697639034076;6.904291135547576
0.9777563497295159;-1.096639168239692
-4.298563520499256;-2.8654993727694293
-1.9023617900821765;-1.2959759585406587
-3.059947062366586;4.962256213587196
-0.6424812134541131;0.7286047420696704
2.6285439822337526;-7.996281101483655
4.634242704763558;-7.788391741610797
-5.714981558099192;4.423161012649599
1.2427373450715518;-2.8673889615402945
-3.654510036095365;-5.264097953258613
-7.0948273427484505;-2.4979703494458914
-5.495804456789287;1.8825211204363708
3.5607917623991803;-3.689820366240548
-4.8577856305192615;-1.3926939486892564
3.78589347573892;-4.0076988178918995
-4.463816381611165;2.489310941249384
4.8696464128672385;7.23887801403599
1.5081956301172212;-6.302110671680378
-5.246330962521936;2.637593929846039
-0.47798877380271243;7.544013442545047
-5.133793028587471;5.1752371954846605
-3.945689113304816;0.0022990855186364456
4.04644992159535;-4.559548058538105
-7.7864621655477055;-3.378466846915545
3.418563883868716;-3.046097551667714
2.805863042099247;2.594636275219054
2.171570585472047;-1.1720478283952875
-3.252968247523155;-3.7036177904449197
-4.926202018317845;-2.9918731561610468
2.3727034602755666;1.2053819750495247
-5.516836553579223;-3.6975504875104193
-7.768482717926352;-0.5240401360472138
-7.609557444034214;-5.356359994750143
4.083879576308787;4.800714381775991
1.8047904441891482;-5.300100637710033
-5.673503710565628;4.753939700061087
-2.935475630567675;3.435120409906599
-4.427051561890483;-6.738445674849311
-4.393005950063312;-4.249522637753413
-3.3635315854428534;2.7487531994277905
6.870259395507954;-3.489971450401125
-6.286846493004335;-2.5383349660828323
0.7006683462739449;3.4264638759152923
5.696301854654767;-7.161488777101004
1.5659593220902863;-7.248097997053618
4.32310518842616;7.94054457634744
-2.649279545783237;-1.3640615006101822
-3.0810400915882905;2.6591181364856844
-3.0256442841767424;-4.103802032128007
-6.091176218727528;0.8530165374236933
6.1994913376083876;7.474216480730263
-1.56506414975623;-5.513892307703758
6.873650613472567;-6.314389560745678
4.872984309677237;0.9166711441923123
1.4829025031149339;-0.0713356142345809
-1.8259053295410297;6.647808363882726
-5.838819978988951;-2.041976124931594
1.8514667830480143;-4.872444771271445
6.510423722711845;-5.180020676157536
-2.874477236708982;-5.5617242691799476
7.69527947428578;7.85905512120017
4.173095895504295;5.26533642501256
-7.039581877506867;-3.322349613944425
2.984619153033762;-2.759972510513263
-6.764791149004337;-5.084924262724737
-5.734410543106337;-6.015889760797334
-7.419540289051733;3.075451338364262
-4.305129230923555;5.599502157960192
-2.385606971279323;-7.141577654274396
6.035971447815955;-2.6309022004562603
6.43425228677483;7.420443841530325
-0.3138785458494162;7.685097567100966
7.9102503270536335;-7.147300138355183
3.264384901919172;0.6854757333072801
-2.727328539493648;0.9156098953107392
2.15370376693129;5.504329363970909
4.1907649262108;-3.6845763820916577
-6.412010830607327;5.446841930488837
-7.678032096794288;-2.2761523763890974
-3.8983909130573178;1.9613423072412637
-2.47882870294187;-5.253889512782257
7.242511415364476;4.229106337375919
0.5319785858562422;-7.823130049235294
5.4908387764355115;7.920272536316551
5.128499244655982;0.7868874775134529
4.099230095592905;-1.5575654685848068
-5.320879794870088;-7.666082533291734
-4.319895983393629;-4.372432348575032
-3.8869974870143995;-1.0254632584268464
3.6831785304665203;-1.149311352853175
-2.994399783274936;-4.966176993227293
-1.6940534330081416;-2.843078322429461
-6.288401905148069;-2.621461045619988
4.835121288881666;0.15113695824529216
5.439750952111076;1.9231856034326942
7.072968012234755;-7.9740864904112385
4.600875086701709;-7.762919816891094
0.022597258966206013;-4.822409601486116
6.662019076923654;-7.52422778587651
-4.236055873814648;3.898977429530481
6.653278599778897;-0.3939207539457499
4.922780144641804;-3.982518251249058
3.1552045885121647;3.227681217785758
6.087798469913627;0.5781200869494398
6.826308841699117;-3.929197633814903
5.170868844483323;-2.5298521499009308
6.045652062101219;0.9414437353162555
-0.10490731861524694;-0.9937472654037531
-0.07348526501221642;-4.135650941225233
-3.4991446078620108;2.178960546113622
5.422706240447168;-1.382339667858135
-1.4026149151665805;-7.823692133008684
7.545608585987257;-2.7948354541737555
-5.953646671732418;-2.734595273338398
-4.015386628773314;6.750415944339695
5.7192785937713;2.845944540383332
7.675585055709849;4.861849298585179
-2.918588612226598;2.8755804293609657
6.061817243516911;-7.732926672448805
0.5896590015950345;1.1304545063266094
-0.7824443399610388;-2.6161235791153903
5.0765237411024415;1.7665138368195628
-1.3611375435798898;-2.69132434504769
-2.3207097285999225;-0.5160766090387696
-1.011351891158922;4.436463102060847
6.462023428542816;-4.054670898952438
-6.691835994991983;-6.36824690209783
-5.407460198586644;2.885331652110903
6.971492258524805;-0.7601465770761155
7.516893782318105;-1.7739527573562484
2.3577004955408576;-5.771089821262313
4.793543073171154;-0.26421892389565826
2.9217784714311517;0.5593648428048148
-7.110447716657109;-4.762632364965455
2.088265481792046;1.4857052540709201
2.2185101062295587;-4.993480210181371
6.935192793967122;6.8127940654861
-2.077092347539253;6.084168024953936
4.304812632631593;5.1033136909630645
-4.095682608737576;-7.399117514069625
7.9313576702325825;-5.597811642949624
-3.8206908631944234;-4.965368915730522
-6.032511820950166;-3.6738981663116324
-7.305095436188179;-7.214662440590002
2.288599955027884;6.800703327184555
4.4385388738729254;1.2909991641929341
-7.986290030915276;-2.077265454096853
1.1592148707677357;-3.2727016274376677
-2.8280567939983356;3.391653196992195
-6.0058492833500505;-0.08546211019453054
3.289843180186873;-6.907409992412603
-3.3646101079137907;-7.24896414263873
-1.0676267665523422;-4.9140911280618
-5.502797366975733;-4.554253174574985
5.10407874734997;4.1145347662032705
2.145465701014855;-3.274957230726315
5.910928200434979;-0.3109992432416746
5.173430429271356;5.908003963503136
2.0715156316668857;-4.234725692231338
-1.2336399203239754;0.15004153436441925
-4.287981737400623;7.575743895209683
6.964275357596922;3.5251762907779067
3.823222668480115;-0.8013556138005615
4.9313866676822595;2.322668379946734
3.336668445155812;5.922066216872208
4.4974883120808755;4.466857447001265
4.148862139445544;-1.4632088957376297
2.565603282611873;-5.7879440231091746
-3.954958954890456;-4.832046115433897
7.720941576530727;5.4766871374535775
-3.464694665772166;6.227239426848378
-7.10231347746873;1.4664625835909053
2.6630614342641685;5.927949554220675
-6.360125586613762;7.775469218178435
6.022899220182554;2.802215748822638
6.2102852410522065;0.142446127023641
-1.068276236477594;-4.730111302887481
-7.632697420189656;-4.177343801034093
0.3344110062873398;-3.1495811053508085
-2.8130478964330834;4.932843548660095
-5.100401263585308;-2.8079906101402
-6.2605333096574896;-7.830658451960028
-6.215375016307171;-6.043034297304345
1.6876529960126856;1.1289574756631957
-1.0228788967405613;3.208816683017581
0.683843272385257;-6.811491268406238
-3.98220286445512;-0.6768799409975532
1.8141274314516398;-4.1720324180848944
-3.484863349112148;-4.927746248244652
2.3392746595639853;1.077452760410953
5.977268504974932;-5.491643572236624
-7.763875421130184;4.370922091230071
7.373086447451179;-7.691086878202233
-6.159261214951874;-7.775453338597266
4.679595986532952;-3.3016338520145503
4.710477804592957;-3.58927876913417
5.911337477935033;-2.2060439226860904
-0.4904717957042415;-1.476994432235598
7.522787887611603;7.947796140273011
5.569677927310259;-6.191244736421238
-4.408080840498034;-6.415895873978997
0.40349989674156994;-5.422136352174084
-7.265455025004922;3.959874810119345
-0.2651231518160895;-6.863688152252584
3.6861661568704918;0.6342756698128404
-1.7852622420476347;4.045970232431154
-3.2514377015075464;-3.0908091557253865
7.548079423615057;-5.23649529175662
5.374260066542698;4.107161494643817
-1.2454434855202177;5.585325358479773
6.495995116785943;-7.5413775512090115
0.07884923651801934;-0.3863965431178755
3.8685854280564094;5.633355113930104
5.8271948698317395;5.877173709750558
2.150529000031275;-1.2782206145334065
-3.784127379022241;-2.4215531918098634
-7.007180483703781;0.5933061928878551
-5.52345206969521;3.299020797637377
5.818596086795317;5.300901745759335
-3.3013622767768567;1.306194976071538
7.677134302353938;-4.097503094627829
-5.964537677787593;5.4950203711146965
-4.5595739988210156;5.341377128358527
-6.8405716462089785;0.12128909054574244
-5.383961936372705;2.1603983595757583
0.905336540069035;7.8828847102484385
7.62768390078333;-1.6221851307139072
-4.361966996437337;-2.4676530659971867
0.2093362028122865;2.533377434162839
6.732904022087913;3.910533878613837
-7.450441836526611;2.5860009767005803
-0.8091060778651542;-2.1940239716321432
7.803801793162307;-3.1984358093083127
4.917766507528913;-4.249862041493461
1.7296643323376077;1.010737748888026
-7.3271271740537784;-3.4593182897658377
5.782461865734671;-0.808693432711296
-2.3525904028698115;-6.327465807393446
7.533601543785624;3.36286059556204
2.3837474235537695;-3.5108305676915457
4.031747121990351;-7.867015316524753
0.7769643305475604;5.095059328964547
-0.7235051232018979;0.2864117303706042
-0.5450883559023918;5.8439052970868754
-7.023603795069617;-1.4516496782867083
4.719671011723811;-2.813158465394679
0.985322083666949;2.7354961247309895
6.389539115803117;5.7778895680341105
4.078362744496527;4.7017507942871415
7.589532746489297;-5.98970502531226
3.9277688876055556;-7.347329734818702
1.4497390537518626;4.049478650934965
-2.4971385741735457;-6.762517499872862
5.122585386374354;5.3383540761269614
3.056524387794436;-6.139828674127694
0.8239630761968755;-4.825288057217621
-5.665997078009228;-6.8987373229762685
-6.591667925594157;3.064604476514747
3.7093114518577135;-2.5764441157169653
-6.6099683948299806;-1.055388730207543
-2.341526413759855;5.8353017814545485
1.675327698268589;-4.481788938911089
3.385801860182921;6.403502812078846
-6.084539799407127;1.2473850219987277
5.452485362300015;-5.165046434636521
-6.10726884958761;6.30054068446948
2.583171388205539;0.45730427519500516
1.56906756075165;-5.940427136155305
-5.789067523011381;4.139668271359284
3.1273800082918903;5.741825288970171
3.1111892707204305;3.509658202798752
2.9374626453356996;7.198549872363046
-6.109425092355895;-4.072042749365648
5.211703261341226;6.281156834412487
1.5087087804959065;3.2375068112403618
-4.155595336045705;-1.3780084900522667
5.504611274553101;-4.736917783403937
-2.809394869757279;-0.7644774218124244
-3.2597915950705705;-5.150040791338432
1.8425374735728184;-2.524985388258676
-7.1899803650257095;-5.0753849794946255
1.155141808427672;7.069114129301823
3.4061081454779973;2.47198695986674
4.604604043121805;-0.9828625190606459
-2.87176381356638;-4.15209756991092
-4.825411806273804;2.5346402437168827
2.0324250768975336;4.315946539215373
4.912433116861122;-7.5362595058022634
-5.412579071264048;-5.924373368211411
1.0181178497191414;-3.49740209260659
7.861542739858663;6.75171012045789
4.5818149685499545;-6.694046737731915
3.4887491280540424;4.262050090545706
-2.7316126304303;-7.6629136354581355
-1.6517196066866298;4.806194906802151
-5.781615384785603;-5.124231819994089
-6.352566747795121;-1.8131971548987078
-0.774918809720889;-4.464103384177207
6.97736477530294;0.9757992607022832
-7.059470155445096;-4.181466270288835
-6.630587110496144;-0.9763942244977049
7.693042901629116;-5.884144784557929
7.899004314923186;-4.215816254360414
-1.5748332866472712;-7.075609554600275
3.2220346812309124;-3.890439070319651
-5.838306239258975;2.986534516226019
-0.7618403665295155;-6.559528875051436
-1.8568679541641462;0.0714290169649523
-1.0904885964936817;-5.386182660108876
-1.5300209772135442;-7.355454132806873
-0.4903796750105567;7.628578696161805
-5.161045191894388;-0.339815469172434
-6.788938544055393;-1.2020730601413394
-0.6535430042161519;2.9068143872130925
7.9565295541586245;-2.3250685452462854
5.538033854920549;-6.835573081538371
-3.282825682167781;1.2120535066492462
-1.001518405530847;7.149953160796768
-0.8753961762812352;1.9478037870608151
-6.923954387735527;4.8413480633158255
-2.208740214641427;6.813170444160246
2.2260687562795685;5.365119597388558
-4.804722734398203;2.9064993036119535
-4.93392497427226;3.915107070651807
-2.6599569903208877;0.6966809817901645
-2.531690813463067;-0.11876006112105664
-5.73288498428273;1.0359419744136744
-7.148912484962976;5.545841957071646
1.8202576505281716;-4.5945281094148065
-2.4196414486585454;-4.370226161893292
4.060868403352261;4.608225912077495
-3.4116956401177365;3.277961354945891
-0.14051568338369158;-6.625715811679855
7.522495442827436;-1.8725615439407406
-6.005815214607798;-7.86731941652484
5.764030714169907;-0.9098815878619408
3.7580243293170597;-1.234215947330254
-6.0089629191158345;6.380272573628144
-6.480453127078343;-1.8334791882702373
6.573353564143371;-2.3366643330568433
-2.639210430991753;7.027623019262222
-4.674894561366685;6.151890019962163
-6.573864295892028;-6.359984045282349
7.603331026819127;7.987015748984218
7.165431378059667;3.818393866127945
6.658588263533639;-0.8799483618844484
-3.886080127514516;2.921007912319901
5.169709691729034;-6.131569880910732
-3.386753132041031;-4.5222796356857575
-1.7037005045338756;-5.057966922554119
-0.7303692423439969;-5.205767186948137
5.887132199529297;-0.9998408483529442
3.662299597428051;6.1334432384956585
-0.028857864878974127;6.141533810184303
-2.262558900553495;5.831847942937827
6.819701305127619;-2.4242531418259894
-5.814052257212017;6.855691047550454
-5.958289063113069;3.5539585351577347
3.4622295044094358;2.148255652390551
7.920424806712131;-6.426709696332937
-7.959099914486165;-7.256651797749729
-5.543465265954458;-2.682800023459393
-5.782253052752049;-2.50597191907935
0.25409458670369744;4.342589544036851
5.479961294427916;3.9019330687783675
-1.1187806366147406;5.98624898576726
2.9557222646730974;-2.848220184029609
3.3880977995333836;7.9146374817961895
7.114657598347357;-0.021492838103091216
0.2494348837421967;1.0017799098202307
-3.2592249153577235;-0.935542467324531
-6.932337305776985;4.914162236556717
7.466661261501098;4.58788821885503
2.801185890046858;-6.963332650433223
-3.284735852003653;-4.944634301310579
-5.363557006122278;-0.44583591950218526
-4.37065340012451;3.796119452358674
-0.6807816546665446;5.394916521412135
2.187332820277309;1.4792084123974263
-1.3774904355259974;-4.6229888516116695
-4.792497507366797;5.719891180834843
-3.534057866116763;-6.089169157257089
4.050248946588269;7.953223432064375
5.993775860679381;-4.830301966300615
7.781427482107924;0.15483589037916445
3.79363549528156;-4.606470658585554
1.7886652047048415;2.609637067226945
2.4905732089066106;-4.226417415052595
-0.00022050080466051725;-4.426847000466484
-2.4934335940474277;7.9447777571125435
6.144853074659556;-3.700389374058215
-6.9282646693748955;1.6306476691505551
-5.488599153168948;-6.845827074688856
1.3514669785497393;-2.615365040366296
-1.6354468445971406;2.44962232364656
3.506424076214893;-7.8998940661782235
-2.6159252119678538;0.9929633672573441
7.249171186388416;-1.2576551438538477
0.677574342665908;-7.317458210385574
-6.323930891115461;1.748630179192869
2.130671771741218;2.1620752890937958
-0.18489077095880724;5.333458876904325
0.716213038950249;5.673070621112101
3.273306636167062;-2.1446750240138908
1.1999065996339198;-5.29661853045029
2.204741513576556;-1.9468903999152207
-0.24007633979791443;2.9144492378771787
-4.819542662141712;5.3088143708996895
-3.1224320190246573;6.884474067081287
-2.0086823235733284;-3.720635534569384
-7.186447515090304;-1.9527250062454495
3.8214675356230554;-2.1256536046452172
5.396656750783844;6.466671137017116
1.5598737125826911;-4.610670722038254
-5.745647640749285;2.972177499016688
4.249160821905331;-5.747369474313448
-5.33537116167018;-4.928771286974534
-2.0664899011460083;4.644054697296003
-5.212438832873707;-5.593502980134714
0.3447677239338187;3.711103449789748
-6.948072222539256;2.5458563869216597
1.8457135590265903;-1.8295071316344576
3.813940995513759;-5.9875508051702155
-3.764197674351294;3.9755198529353724
5.565647704396422;-0.8820986679109968
-6.599835415549583;-5.3407836975002905
4.779978085754836;7.678016903132294
-5.632300811891488;-3.315109213570514
0.1152862171561555;-4.369226568795224
-2.7589322255563893;-4.837745469723981
-5.425154520522314;4.111613597867432
-5.463898449007063;5.17421284556087
7.124612842846117;-7.310565859545097
2.1571757383953365;-5.72639416481015
5.310962726211574;-2.8318343107207777
-7.5745881994435535;-5.203385870017497
4.286736796665224;4.931180725187399
-7.7959879995019445;-1.4359551342515058
-3.8459469877673094;4.383323558634478
-6.9098943301940015;4.132599724378956
6.832515804401172;-5.964650927133494
-0.8083316853957108;6.579123998933483
-6.951499319183895;-0.8302669238131024
2.2784480720414653;-0.48613685548680863
-0.1336084620117024;-5.015052720495648
4.583259840612364;7.545990268836965
1.5964703869691537;-1.2073074927601546
2.3887160214283387;-5.717710510764745
-5.446899522768055;-5.511760567010329
0.09562552411565406;4.325917479670345
5.460106294016851;-1.691011948254042
-4.311980349218766;2.4743311659326377
-2.7297063588000885;-5.690115896464336
2.1926461643987025;0.24386349394645102
0.8942348979435462;0.4055936398207791
0.562201151958071;5.00086763299144
5.525405324615207;1.7357677525424098
7.548873636932214;-5.165490633455349
-6.959252939191357;-4.272059853841801
-3.607070041847491;-5.847078159820482
7.210177859309805;7.80692514651683
-7.640200736852725;7.49570255163702
-5.9291491732321;-7.860143628505167
-0.18144088287010618;-2.6633418952230805
-4.429683634390688;1.4102905489497637
