0.016015001104544145;-0.1430526094527739
-0.3702158676161122;0.3627723120929773
0.09891336948410993;-0.9048997005337847
-0.14231252309108694;-0.735605730048794
0.09490320189310866;0.4785090499545237
0.3308020168596862;-0.19162255037975326
-0.009620895589187318;1.1638211172623831
-0.09767590135705376;-1.2511350116603859
-0.18507459842684756;0.009920366057673576
-0.425096512844142;-0.3576526322264095
0.18195697323756838;-0.06685328872743651
-0.17374985499525966;0.5282140272681186
-0.2614302184728636;-0.6404038271304948
0.3161967293145;-0.2111946678746743
0.6541791710668898;0.5330796517157574
-0.21695104571301313;0.2855007836637668
-0.005700570143027552;-0.4872009654853781
-0.007681769690644267;0.3822854896626119
-0.3359359756250901;0.5678350175273462
-0.013600932421460403;0.17911438303557298
0.05515757651684951;0.7015532521389555
-0.2070863701886054;0.647088925703749
-0.21509574672498072;-0.08189782583094031
0.45563902981298054;-0.10909382135866347
-0.05773041011370603;-0.34655263071334586
-0.17990315221607656;0.319047238095911
0.18283764489817828;0.9441073957055043
0.3751858581895033;0.445002629718443
-0.17832528583386806;-0.18105083045849732
-0.04902470189216503;-0.9521965952880102
0.30833922001448416;-0.8619136365489223
-0.2780497095902553;-0.10761344067718957
0.3186082953245352;-0.45155719419459656
-0.3711497883804549;-0.7077860238486043
-0.40536555339660907;-0.3573935859049327
-0.07049848192053931;0.3013744618990232
0.1887331102602901;-0.11369632668217082
0.2187520686858951;0.10539644934137402
-0.25859434327797914;0.8620969754385491
-0.41003403284370216;0.26998539219396966
0.7986493130621017;0.23983570168881324
-0.44542477851232976;0.7847731090905273
-0.3793031262161528;-0.2942642822937097
-0.03398880102710824;0.03479693210555902
-0.4040919290560816;0.13688993893784848
0.25929806078852147;0.1691231098141951
-0.4127489543771814;-0.7966555189903997
0.4812611282859282;0.7927757179231654
-0.3294798462215466;0.45527030867414603
-0.2395912151600795;-0.5616736251836594
-0.276816262632179;-0.7544527441114494
-0.5376555331512204;0.6144242242356369
0.28896882590154815;0.5525941686959828
-0.054055812225544723;-0.5595057193079904
0.15406756918505923;0.6039815051644081
0.17231681268893892;0.03822615579217755
-0.5442256790939106;0.7291856791196945
0.6244041496313486;0.07532217355888893
0.24164839711540423;0.4129313942242405
-0.24348955748115192;0.017515503285944138
0.2620986778392103;0.19142401415033802
-0.36153222419473485;-0.8930941192686329
-0.1820476326933455;-0.0714649392410447
0.4131472244929151;-0.8625174654174443
-0.22609132988707129;-0.40454410428160814
-0.07993678980879187;-0.4007470650222129
-0.11714950072094296;-0.14105960755611602
-0.3822287390365384;0.8492932478526288
-0.118835137839614;-0.43528979325241496
-0.43258458168021735;-0.13294086429396684
-0.05236015387882378;0.4665917651110208
0.1907200039418276;0.5435508837398751
0.5538306426991463;1.0587125867484173
-0.06733492317002263;-0.5572242671274856
-0.3718059251536863;0.16940885610447146
-0.4838746526781236;-0.26526776730826646
0.2539216526451264;0.5148162192512047
-0.4003999935500762;0.7058361871906643
0.13632873279495097;0.00014872593718958754
-0.1376882334190448;-0.3837828500451298
-0.18519747427359223;0.4970091663320808
-0.16780905900498047;0.19594443990153365
-0.3567448330300773;-0.6539435861765343
-0.2894242516406107;-0.8061137674723545
0.2094762722571256;0.18787910318495826
-0.0006328320841570331;0.21224312410568635
-0.10266153678338458;-0.20034108396011083
0.324134631398117;0.5037215856012682
0.14898489682610322;0.4081002347882415
-0.24423244319412984;1.2306598665183164
0.15128941059865553;0.17804969131443343
-0.4550151390699845;0.08064533206116974
0.2117280292211943;0.6746124390000735
0.4415437514225548;-0.3205034977399928
0.5770388762918054;-0.33951522147497615
0.24778703001330318;0.2927628244420464
0.4603274755092219;0.6617672284949194
0.25987766210935476;0.34743903900121464
-0.20207940859519163;-0.7475944086685742
-0.1540876656482986;0.18020671291010987
0.29835801263695705;0.061015844766986384
0.1293137919067616;-0.5577305180504198
0.23889077934945172;0.6216403212535128
-0.06340025513112837;0.262004060885586
0.037904962860801236;0.08824347817727983
-0.135693687448997;0.8799690295067829
-0.18173331300735468;1.0352515178702582
-0.37995528870453904;0.9698454102153323
0.19163084068198896;-0.11463968218688696
-0.009745858073004649;0.11994553717649584
0.5155995417521158;-0.2798614547806385
-0.6030125298085081;1.5655296717408695
-0.47201110391826445;-0.6744770620949816
-0.12886161083993045;0.6511742958026457
-0.4010808521773505;-0.7590685048926185
-0.5238899232836634;0.1780583592475567
-0.37107481971281114;0.3789440098141831
-0.07441766577892704;0.5790659062406001
0.16722252870704962;-0.4160508983908898
-0.006788338946175422;0.3883807931700893
-0.028119730018695176;-0.13916878084328207
0.019387302792354535;0.15479395958843079
-0.13004698376238194;-1.5085038550698555
-0.20081218359656086;0.27448823621812757
0.16177589749376758;-0.041845547385519426
-0.009151920624962116;-0.21010601049999933
-0.2568589055130101;1.4979970788463874
-0.363760641028949;0.4802164303103246
-0.5561799537030021;-0.730144037716388
0.4441716313771053;-0.005111616606113534
-0.26838474177387817;0.4762785913365484
-0.28755689469178536;0.7186831822312821
-0.1144078914550175;0.453925606824663
0.20976660220531346;1.070885291962108
-0.4925845304588877;-0.39739371519130234
-0.3304449740332887;-0.5939151975574203
-0.6692943107193564;-0.09260600330736432
0.0693390350970176;0.15324747252713927
0.03157733094188658;0.8317075273529713
-0.21450837963960043;0.14246650147659418
0.2663464810643801;-0.4087794810600478
0.5056828380875488;-0.1493719075800767
-0.5834003186162279;0.10983091842355029
0.41653767359491006;0.599564247339723
-0.4909193033759983;-0.06572677532708462
-0.13557680624234505;0.10566796615580688
0.3986615204723129;-0.008507394114218154
-0.20722875424734574;1.0774937743520179
-0.009107972153407874;0.0265444982123227
-0.28313754616461;0.19355713543570835
0.1791780608884878;0.08655071428405256
0.3751641653432547;-0.5598835539686166
0.5708271399323723;0.5388941520677026
-0.202341021231021;-0.8478513440903187
-0.41043887107298516;-0.09408867170589355
0.09327372794727241;-0.625972623306876
0.28891343086532373;0.9764496037092288
0.09254970665855383;-0.3751156785022251
0.3918114234316846;-0.5313070055296827
0.1435002973154221;-1.0839816047863198
-0.19983365317797125;0.057308428957397684
0.0032271992487561654;0.49390567040577127
-0.17928999146860164;-0.006345859492609819
-0.5493979259715086;0.329018405783513
0.04825889161584588;0.0038325798964632986
-0.08916224645231936;0.03364660672285647
0.01874956954190586;0.44097191046582424
-0.04233242450255433;0.42167426649776896
0.31458573794625927;0.047142954631090146
0.37807688334181666;-0.297874579921662
0.3205331754195458;0.26787559497829067
0.030265068468081236;1.165339377780509
-0.5080277767038527;-0.3631605235093218
0.13024713370866925;-0.8755631674255162
-0.555473147009256;-0.8286888278187134
0.052446131448829265;0.08587660932658345
0.2682624431151329;0.7263370127524054
-0.08858734758663901;0.28164203053413894
-0.31983053578046167;0.24005622564281234
0.21866335235316733;-0.17419201853424054
0.04739360880357477;-0.5599710870041313
0.031315447623972655;-0.4625385030541888
0.03593043121791602;0.06028659383717091
0.05109275392800423;-0.785511092243572
-0.1375054867739309;0.44757427013621826
-0.04760244077220818;-0.04301816074706136
0.34898183947768624;0.7181230877200365
-0.5431754926017123;-0.12364475916664344
0.09516870772652168;0.535498267171294
-0.21635867061274253;-0.08263513184170562
-0.1092246062322358;-0.10078684154207364
-0.4968751843403509;0.05116788350163355
0.21798628163579586;-1.3959661630609632
0.23841367214993403;-1.0399522890639998
-0.06478250187677194;1.0258586762301778
-0.00983688364148474;0.6663815035603515
-0.06737833470920655;0.5978867185366583
-0.18669633095994795;0.5827562601843675
0.19171261724868705;0.7122124776077609
-0.10583228687711267;-0.4009251988358986
-2.992638199744155;7.100773104766482
-2.768012722357959;-7.879109998748184
-1.9122626370988538;5.899198925795847
-1.0377208310684782;-4.83929544662217
-0.3127897040487593;-1.4830875245482904
0.8676030181534831;-4.7118823277252595
-1.3064942469692067;7.425669775525261
5.647350270941592;7.6348722450357815
-2.9405107520629272;1.5794345977652462
-6.453728197748749;4.573670053686888
-0.6887430843645639;-5.807983709006962
7.855570560435391;-4.81444503786817
-5.228887129832806;0.8941527027059948
-4.5148155451328;1.452603863986651
-3.2972773825969064;-6.46364038449345
-4.057697003669842;-0.7933955449568124
5.328760149244578;-1.0285258594265407
4.386905122266022;0.5793095443948655
-2.8975640772060505;-3.2760516528587935
4.657595989265726;-3.7220472542864087
6.477504551358047;-3.4458041277625817
-5.254964630985851;2.245379978834121
-3.8315764487466577;6.481132816853449
-7.192523454014664;7.695428470375617
-3.142168323801883;-6.420975013266579
-5.372456903427231;-5.020885604209004
5.107843302601468;0.6220740153321191
7.559079336822014;0.36075491106533697
1.3088042567665426;-0.27809450633090194
-1.5865623612521613;3.290620248619872
-5.8425611678119775;-6.419704215682094
-1.7951006466853183;0.9129898445677398
-6.701042957990365;-5.691557787690201
4.003483506300158;-0.9475122570771521
-7.247090201147653;-2.202576010093317
1.6362737159937915;7.621362467488396
0.1519556088789873;-1.5281470577876544
1.9774005412565163;7.43717726905512
4.225678398011343;5.607966359011742
-7.519643363559753;3.363154950571154
2.222504910055971;4.167133934639798
4.384540028532486;5.888126626866676
5.353254516975182;0.8602642713402631
0.4687016529309762;7.2594377479078425
2.114330583942694;5.076057536409435
-6.306522487562184;6.024041723272637
-2.537441145140086;0.7776966938350149
6.02951771077443;7.021733629437721
3.5964631917083736;-1.1339796649807656
1.816342563717864;-3.1226769447183216
2.1656496501996862;3.9229971121817684
3.1889247608783435;-2.2780277955464836
3.116621882635256;-6.218624152945196
-2.0570576211783447;0.6920154417279516
1.903280676289718;0.8354897806387953
-0.4539153214271039;-5.923273485417928
1.7207173730058383;0.04507812695749713
5.711639618196733;7.769446834878272
-2.548182012519023;-1.5234253570771443
-1.5239441147042339;-5.438681589301046
4.109431784933697;-3.8297500873119397
-7.8188545959647655;-2.3652563612221975
4.306057005351198;3.059548509041191
5.122004151964141;-2.511824901979704
0.9933906686424052;-5.1804558956101285
-6.831655043839245;6.65880635472346
-7.558150470843357;4.209857354150598
3.729841305687877;-4.814748400362678
7.712404326542249;2.6498328336981576
-7.164068075398484;-5.632061735546415
3.928040142073872;-4.710302422458097
-0.652601130173343;2.851120496687285
4.173096551423724;-2.001553215325332
-3.32453784834226;2.75756689996928
-3.676994258976892;-7.863442501518337
-4.90363398356269;-4.041192392355876
-0.2454509999451826;-2.7194345955476305
-6.659052294270591;1.2843108166151627
2.8418729462205317;1.477446567006961
0.7804061027849905;-1.6084250131920417
1.545645922708811;-2.650058474642652
-2.564788807159383;5.952354968925793
-6.1601111049234145;7.998616865253565
5.7185935050470835;1.8511106191399271
-4.6531394335796765;0.8707266976985615
-4.139392547042519;-2.353512724759499
-5.8846935937466665;0.28362184801551393
-5.77633502933849;6.3528784613229625
-7.607108318986334;1.3347424341465466
-5.7600478125385965;-0.6861768882545185
-1.47541259775082;-2.396391009077229
-1.2201040520784634;-1.015271935865485
3.317895023113797;-3.7715759813528607
-6.181237085106863;-5.6531947026060045
-3.7866301249760443;4.246605551583965
-6.259063220910312;1.1668226222897804
-3.920411710656504;-6.866095511754642
3.2076859418053534;-2.72783371470927
-0.5721838400523431;3.977832927702938
1.1245091320533742;-4.89893490443834
-5.183230469312056;5.67702909070897
0.07110278459220964;-3.6648169865603677
-4.894914486412599;-2.084695137167042
3.6850358868000157;3.3019467454529394
-3.139262979124421;-4.495686767488872
-1.382486835154337;-0.6047054612026379
-5.5484267756806585;3.83115474373305
-5.170260709349492;-1.9524399853122194
2.985778307916421;-5.568217297956009
5.177410930620345;-7.911641319546527
-4.365130566659564;-4.274709849882621
5.325292311913948;2.217304522927442
-7.135694325435196;-1.253210192622495
5.821056946973506;5.212449423074208
-7.7733996494293915;7.031704350018256
-7.516920203416973;7.700372200677251
-3.0816003495187143;-0.2809467482282777
4.37925394183798;7.42100071868701
-3.218171221026349;-6.793164190621699
4.093165596741741;-3.9258055212871756
3.0558125731644097;2.1843306886158746
-3.859229870032486;-1.590010136787349
-4.358363608537868;-5.053247985023404
-3.4006342634419156;-7.4250608705396655
-5.8834756303304605;-5.716091187978645
-0.07013996288296553;-3.552257167486548
3.2753719187229624;-3.8081273475133237
4.996479444412085;-3.891054736261685
2.9870084419870757;1.4728532331003734
6.4016220051214265;4.348740868375849
-4.474076023806552;5.440131368676653
-0.9324700567157205;-4.431242531302848
-2.965929573325443;-2.7430641545391445
-6.074797850416257;1.8048209183548138
-7.06337844543358;-0.6664043829322068
-4.087225361619263;-0.06559055693600335
-3.753795119527961;7.111576461810769
7.077750999106245;2.471600432386232
-4.145597411379958;7.902979642273564
-3.0783469369091083;0.6594204115559226
-4.359502542710972;-3.396312635712105
-7.306769056017719;-3.5036251357138912
-5.9116240267161135;7.394595551216389
1.665938649446824;-3.8918722870676206
0.6317585727789687;5.8240605894016095
7.755861496494456;4.903431993048404
-5.091857066009746;-4.801891473125247
-1.2023202656908616;7.362415157141196
-4.442138687242688;6.394140529158259
7.612032308313481;-4.098807558937487
0.949180433803356;-6.065936479154768
-5.021055600536124;2.8500034770333897
3.2314341126155615;7.468436394794416
-7.758920421160452;6.845447705172079
7.712315614838044;-2.6465954350239045
-2.0471126564249538;-7.790388719877836
-5.51087384614846;-1.824998749546456
4.894708901943231;5.248067477406829
6.421240979459737;1.9959166554339092
5.603724447493416;-1.8884942436841072
-0.3305776990449658;5.32954850510488
7.2291577343213635;6.99940996437428
-1.5129762011745989;-0.20046293435393991
6.333612443775193;2.1731402911052093
-5.67343140079541;7.4202702251875685
5.687094567659548;-1.9055693357154357
3.4533417968602453;-4.3212739967255445
6.537885436940998;-0.5009090436523653
-6.548562321940853;-1.7293344205776435
-3.215306736516121;-5.8914462102781755
-6.998651981037304;6.9664581530421525
-1.0291221270544302;-6.334991351256537
-5.324953578951682;6.54859664044624
-4.825126735668762;-6.569376127196152
2.221799670591686;-0.8618685438740279
1.4465469946291982;-7.715829890053152
-6.526185351545891;2.300073727156933
6.580817136586097;6.557290521674885
7.622920288858431;0.6804400966669473
7.09513907594649;2.3850517561967557
-0.18368961261922223;-3.6767633447749937
6.270442325907119;4.901036601827936
2.4232887517128727;1.8290636329647931
0.24596731534671257;1.133694679971958
-2.588728054882596;-3.499332703760956
-1.1572763996388016;-1.4432738566059964
-6.799352919299361;-6.830362441685216
0.8384597057469758;-1.015843760218809
0.13363249470922334;1.5322427781035994
-6.762256659397046;-6.257026255629956
-2.8531343602056047;5.254865822435097
-7.743108433397259;-0.9793388300654478
-2.807341432755816;-7.405474896947888
5.114056754758536;5.333754804179289
-7.685801222960993;-1.2940592101455302
-5.581630233586026;0.4800104202371074
-7.729276284248916;7.792046003986011
6.646087882306842;7.350862518261435
-5.212330275616704;-3.861701581137728
7.571839352906771;3.7889644488741148
1.285655746872946;0.044864089261402285
-5.975530761426663;6.0135439997410955
-2.3599146115419565;6.409674444428687
-0.46952756875666957;-6.1683578599787285
-3.084469731339624;-7.03491440760051
-7.075227700911254;6.393369650703642
-4.6986608083872845;7.1599010745112235
2.2633390482253564;-0.40249108530067623
-4.114868286711728;7.30800967289283
-2.205587219807784;7.698812458513558
7.527483257238675;-1.3319609782818755
-0.32829024405685736;-5.023530887132418
-6.768478064555371;7.049502174666907
-6.350051284396976;7.437954604878636
1.2755530120985412;0.8509819598404622
-5.05025803598177;-0.2214973189866125
-5.03588011673931;-4.419294708301319
7.996282508939181;-5.967462280317619
5.688891477955709;2.584985733492566
5.16701869215952;4.946980633463408
-0.06667601818811875;-1.1364992919873753
-0.12130927194541563;7.194929737719169
4.074676136705705;-4.659679366889705
-1.321938363542884;-1.1432355455964984
0.3282297568109751;6.204262143879994
1.9596784005099988;4.35932945877321
-5.23653252367893;-3.5079684379029317
1.9275416751897172;6.507121606706411
-0.6306847040266668;-5.518275251631804
0.6273434178383468;-0.2878878692692517
-1.8140481941366833;-7.839946345449054
-6.5456153134579385;-0.8176160470041882
-0.7759922041347345;-5.565377256622057
-7.491202930575385;2.8783192160062594
-4.917621410485717;0.9623517512259756
-5.9929798264667244;0.7885102564073918
1.2716451583762733;0.3996088187788587
-5.847702401866885;7.388540383271298
-2.7562134198119477;5.671611564190396
2.0647803833719838;-2.349576646270748
-7.734524261780692;-3.7682793117554034
5.139158996918626;-6.065624890873236
4.856883176623235;4.665942955726914
-4.6106906057986805;1.4431570648916914
7.577205574010378;6.941245639600252
3.9227272591385898;0.7656546794805905
2.73215119565549;5.15838083227797
2.1549134332694813;-4.910157843673176
-0.7170884971543252;-0.8588092500780373
-5.93351054129133;6.3700862480450695
7.4765379280652695;-2.900462381995162
0.7371122449352256;-7.145033593114293
4.547239106187641;-3.1284025789181538
0.1649667413339344;-1.343380558594843
5.938121296576064;6.158439961548048
1.5655878814190203;1.831927629587371
2.982228764156785;0.5747985880309123
-7.8212816272666075;-0.5721830326696029
-1.348555187146225;-0.9884734845146177
-6.20281972614209;-4.536199819910928
1.724675555141129;-4.915870797459785
-1.831598332626383;2.082354748694824
2.13325542608149;-5.776683129299853
-3.862831735496597;-0.5412022698373669
6.701857547079879;-5.595930033863608
-3.3493160716929253;-7.8109213497973276
-2.017112543634763;6.223994445329927
-5.657709664246227;-7.350232339675387
-4.5489453052643025;-7.379518353913797
2.720147607638234;-4.425608160441168
1.9445167350274417;-7.454161360579333
1.1371879274036623;-7.388887921879347
6.596889100940407;2.4052197324996776
-6.3451957130194305;3.2466794297076795
-3.7515757336030386;-6.662297989770659
-5.075838141550804;2.3448060575353153
-3.07129687428168;-7.980607553264392
7.949248487070898;5.892962813684573
-5.505933185100215;3.529952761301054
2.8547296283594985;-3.970917330317814
-6.495893088311389;-4.55528626413305
6.749698887709844;-5.8639404963274995
7.496752265486835;3.641950652271687
2.4043091788567086;-7.8351094805611545
-0.22785584001981363;-6.362991534328009
2.153928329065664;1.473080945847018
-3.9909255717929764;-2.199144409445916
-1.059801602758105;3.2399541336079256
-7.090052784991208;-5.611228191520825
-6.995105096824068;6.682052841911075
-5.998607036357317;3.9798908995874136
-5.438163391231452;-7.5002762707114705
3.3217678578550434;7.174861993608065
-7.5738371381059455;-0.11864600807427905
5.979491682478823;-5.9522817928320375
0.13951899494984943;5.040914832583059
4.889016808532112;-5.49643471007313
-4.522007988611408;-0.9586767107124317
7.16155529599178;-1.421202064869254
-3.1483827835057188;4.488488290138198
-4.667330389936918;0.08197330470883912
1.8594599777522482;-1.0711872483738905
7.878915567576609;-7.771104008569605
7.301175950731018;1.6167395153490904
1.8212253120719204;4.81620425724506
2.0398914499551584;5.338569255424586
-4.634608122433507;1.4647663561095694
6.279285224835801;1.590428910847633
-3.2293727431286605;-3.2203958718851897
-2.9157063361086486;-7.020719129899417
7.743516071119931;1.3351175997496387
6.384087176509354;7.072425247743423
-0.18004268494967057;5.481590555910021
-3.905961056779926;5.314584112441102
3.7677092813054127;4.137293958203173
2.3205363005240596;2.395026871525733
-1.053309450966454;1.975545574615687
4.416896098008786;6.032559486851211
-2.558566169096565;-3.3795336755985534
-2.790395338934289;7.782959787356726
-2.520862194388556;-1.7832669878754643
-2.7751977177410065;-3.0319722321188713
-4.878668233878045;3.231400380988232
2.0725351261135962;5.19331428777315
-1.2197588300790372;-7.945422989891227
-4.484583077886462;3.0605449479974336
4.7930135181838605;-6.306883958626303
0.9320812562785878;-5.242266141896588
7.722248848051249;-7.662702873843019
2.471173358333404;7.5803918546001885
4.4205245231167485;2.9346193305035495
-6.181672622449771;-0.4929294580570147
0.6392582110105227;4.160518054076421
-0.9840970680711543;-1.4894221541199624
-3.3510528458014512;-2.136758893513015
-0.22140528573353002;0.4199109784299022
2.5162873476647043;7.99332141156831
-6.604966652466437;3.0938863987585687
5.785271312088513;-2.0757923153184077
6.721416557695431;-2.0398989047013334
-0.470965310024436;-1.9559143971940944
2.8938357092692986;-0.4672823755393658
0.46068669971215215;-3.9997708270231804
-3.42944881353926;6.6880295415482784
1.1543431501456674;5.104744774690085
-5.373739494404148;2.100307764635918
7.980231470686428;1.2084802076388694
-3.4713169941621214;-7.650472067499731
4.762815072550913;7.846597356512358
-7.992564771143581;0.751516445044853
-0.6847176477097019;-3.749904958002741
-0.7411905200321787;1.1533708692270626
6.646742788358397;7.770401139593448
6.176127909599648;-4.324992431282634
4.186505208883942;-2.0124025922157696
-7.821209789893638;-7.659808476755529
1.2309009497923817;-5.800265762667534
-3.8953596820697634;-3.4396646987557844
6.57936501458091;4.284802624703815
6.654557248303554;5.60216155644115
5.85949410711984;2.73729612392383
3.1427570397307143;-4.946489572158113
1.891312195631068;0.6142607184534654
-2.213571284525246;1.810187895429955
-2.286052325113422;-5.25670404817741
0.5088549322120652;7.183778407868703
-1.8575927276915927;-4.674688390714577
5.615393757045535;2.5880411457238566
5.810560987483921;-3.916150055253988
-1.998100715550983;4.316369002382993
5.038309943375312;4.835892372082794
5.441326870910226;2.327139046983266
5.872378626125567;-2.9224332157121964
-5.307414750529325;-7.140901614851618
4.414879158018483;-0.8939507717176447
0.8137545680617908;-1.3908607618850386
3.2579806553527373;-2.7507564895543073
-1.5053742250032691;-3.4063557013591304
7.319355870589309;-4.4859638171457945
-1.4999933930283085;-5.744840557016179
3.1413863130863025;3.192521259753658
-3.9130374596225703;-3.165139013409533
1.125038666368404;0.2431214901178862
6.4663870800198335;3.4851642419589943
-6.409751780938288;3.1162874161198157
-4.2827875426947095;1.139297034147246
6.473205875731729;-3.8142262945905667
-0.15812539870407782;6.182750952228625
7.685311448950678;4.147782953549559
1.9520583274229235;-3.5636070749574458
-3.4800245432727372;-0.49497090663318666
-1.5854246200240247;3.4381047980149138
-1.3696791241750343;4.898755504677389
2.735178215704943;-5.261228699934611
1.3925535203641655;-1.5355870986290334
6.385986261422033;-7.495006353921205
4.1159050411118585;-1.7418448872465042
-4.180731871055945;-6.54095847613978
3.928888015655703;2.5302013881903243
0.5060361570786966;-1.5697263759310065
-6.638423687406695;2.34639186066803
-6.933988962771805;-1.0569210391907333
-2.1858672701971518;4.632246469023219
-2.7463914468866566;-3.0039725009087483
7.907732700123171;2.4250695198967698
-6.245255129429244;0.43965757793180593
4.150251807088555;-0.9254434683315154
7.7889794559094625;6.815640560916652
-3.8742080104443826;0.19831847993510188
-2.0179423923692354;-2.776725270179936
6.981549622777763;0.8247325995412922
3.9309841650904644;6.1285113817171375
4.610079900222708;6.334981211127195
-6.971416744744889;6.804238773250752
4.559636449434688;0.7467972939572629
1.609906946198496;-2.6328088898348447
0.8385094558130284;-0.24435354235152573
-6.589653210976056;7.229019059735265
0.5118339517745358;-2.721691646262805
-1.9635960907638204;-3.631207858698909
-5.767480216024465;-1.8829622876158076
-4.856106194170698;-7.7848084590204465
0.9474071768455801;-6.933450657534673
-5.91347620308818;-5.405572461143839
-4.880336442603586;-4.816509244155405
5.266338681093778;-5.778135609473379
5.347272185460229;-0.13555581952522644
2.3671087923883665;6.5262931558891
-1.793047962019127;0.47795812282363315
2.1120701925781056;-7.341947172063902
-4.935386932210886;-3.754082757617841
4.5761508034745635;-7.0952180727363885
-2.367437134002996;-4.596942972802079
7.089729578843592;-7.076265126144209
-6.991025293658277;-6.046725275895724
-5.324054228486874;0.6930845059639879
-7.23454928567395;0.12918122248374253
-4.64260881647211;-6.5108679264144325
3.8781413143007466;0.4247949495538741
4.491013104933986;3.541326299365778
-1.45581139868451;2.7860998320557027
0.8971699388996992;3.376343988109971
3.3858229384815086;5.397773443832342
-0.8962154434457297;-5.612745808554539
0.09592416563497252;-5.5852112887457235
0.0888586586438116;-4.377129514964723
1.9574564829039165;-1.5812710626476214
7.945290450560854;-1.6720291395589388
6.206452465669468;-4.115413551837829
-5.967549315204227;-3.4165266173162223
-4.911024336636633;-7.627557648130145
-6.102958179373552;-4.224214960727469
3.3794734886509072;-2.5625539906326047
2.0547799350826033;7.651120340385878
2.3143161662992515;-4.6736134682643
-2.922513143725576;-7.434397549122817
6.414879112588158;6.362332448694206
2.2875340240583597;-3.166636727026944
-5.3970564116239945;-4.328926848375685
-5.48646856379062;4.026847563523889
1.7480399049736537;-2.061999750509081
-2.7862653594048474;-4.298609158213161
2.0700374241504047;7.103812417261915
-7.746830402342232;-7.396483322171461
-1.325614373563349;-7.811081071660011
0.13496849156122437;-3.058877720982059
-6.025365600359674;5.821027159057255
-3.8460134184840804;-1.3130353551182683
-2.423749233573023;3.1551203062926323
2.0923695849135804;-0.9500859987389632
0.26238049235459826;5.920193082186847
3.565542163831143;1.7779322554932193
5.001513934622901;-0.949190739714318
6.062692962604938;6.321290004431656
5.577475288423814;2.6882635781621147
-1.6634799384959518;-7.21104866564893
-7.334977049960681;-7.329179144484746
-3.8305510855834726;5.849008336540315
1.3308486953750904;5.614707701059089
-0.3440827213284816;-3.0884805558143604
0.8025399150807253;1.8032535435755417
5.2683091064005705;3.337516669374317
4.646778782624782;-5.452040605061097
2.6325013104667345;-1.2834146026938065
5.907473962896994;3.4731199711431007
1.4586182054697705;-5.012414827219175
0.461722781911833;-2.810299242322367
-6.2990244779416535;2.9199790876321234
1.0965178022637136;0.8479921728046804
-4.712962169076658;-3.6365678195533295
7.0146714386653475;-7.382430753836996
4.154823232751614;-0.08182713063969871
-4.575796280054114;2.653950520441432
-5.846041711532708;-2.9786217223996907
-5.6124209008036345;-1.66260740052242
4.104495749152576;-7.7484218696917235
1.5774300898363887;1.3282286300531663
-5.130595958485941;5.999312271773986
0.4892967950814704;-4.857978697016431
-2.9275021457774635;4.861817798941059
-2.357869425271323;7.906017303490287
-7.281265369912102;-4.315968761216453
4.931071252583655;-3.3768920881051567
-1.13304783826859;-0.15872256765038983
-6.386201919062904;-1.6166199219520205
2.6014802888531854;0.01717622865128554
3.4875811791895828;5.788975089736789
6.5375234101573;-1.8718449806785653
-5.7753578692685785;-2.020808218693997
-2.7501486301766676;-3.078894858866116
5.904009719781657;-7.435570159201646
-2.292168231459099;-7.928134022537032
-2.282062821058295;-2.8992065671889264
-4.317453816926816;-0.4868979746312476
-6.233349157067977;-0.1397017173139421
3.243706173608498;6.750080936428693
-5.17245035591327;-3.7565408576627437
0.08863030729079036;3.469448391880496
-5.152820743035827;6.160264303487793
7.256850756029195;-3.2183038576692446
-4.551624014614347;2.401571650996363
-4.441371102215717;7.80699756625723
-2.0209541165258003;1.4818440742095227
3.8411256495164974;6.675947613740936
1.3555866972802342;-0.8854569750893937
-3.917018682485338;-4.294873356961224
-4.122900976486795;0.5907352315519709
-1.396062993792869;-7.648686961760442
-6.0905251625577055;-7.128245023176548
-5.451090848298209;4.822308465003266
-6.130510139222553;-2.4572571240786445
-2.230159425086205;-3.4132742797714553
-1.0103623790088783;-0.38646028857042225
7.6579466658855555;0.137789193088512
4.1892615377750015;1.114890751525543
-7.401386188336293;-1.1217890566077617
-2.156988245293796;4.152152466631792
-1.1219567213898198;-6.985110866797314
-7.693832333032466;2.5742640167348814
0.2328989311337022;5.995562577984611
5.334644532423802;-7.093404529804761
6.023873053011137;-3.098566926551616
-3.3064035551976367;0.1647387326884875
-3.2301066999106958;-4.564024890893302
3.7113965007498884;-6.882194300197471
-3.1700207248667045;3.7735858177605035
-6.224769463785256;6.122118566951135
-1.2158367043266551;7.492737632786145
-1.657365388483397;-2.665263378514487
1.185736531681405;5.30743487019253
-6.178956535599587;-5.180329477599704
-4.1084773850308185;-6.3982719615269446
-4.3051138668854385;6.35883688611043
2.601636616579535;4.2209228760319615
-2.6323660114337493;4.594759653862422
-1.3679852679488107;-7.419513302355048
6.568858705410246;0.4991949131822526
-1.4834688785315873;-1.9247624004143162
-5.733995291681282;-5.1370904821818755
-1.241832690826806;-7.410610917369253
3.0181729421391807;-0.30888023990837254
5.765573226587781;-0.34792616121736586
7.672807357654067;1.417323493056033
-2.7106024604615513;0.20588581432968667
6.163866743953621;4.551403438673976
-7.6622360017729125;6.3902353798484235
2.470710909154727;-1.0727656711817222
-0.06768834321936801;-6.436313860068735
3.3636564714917867;-6.355549637942644
-7.748487476056095;-7.43720674627227
-2.4651153589702446;-2.9100297759082334
6.154395124300283;7.96217449118345
5.255900661109026;5.792643965016438
0.7741529560801617;-0.9376956594207826
2.934945624827673;-1.3859676025866001
2.648953388664527;-0.590697054842078
-0.9936865983466969;-2.9741416259834974
3.0431292187670866;0.2079666580048709
-7.349355634396932;3.9704173295325074
5.961604437470887;-5.145027548410603
-2.1776065474210284;-6.6445767492124155
6.468530577236725;-0.8334553850146538
2.4448022541374517;-6.405509144376341
-6.25959367925628;4.424505110918487
-4.613080690704278;-0.43426488480035985
-7.86083521728119;5.9198818802116815
-6.523774068295559;7.396754395671305
3.8316138035983407;0.07189419928167418
1.791657993101147;1.0671511536160647
4.629280253410892;-2.292093608759961
6.202314822933499;-7.008306407320024
3.4959195470192075;-7.718511147175846
-4.26957163940707;5.822566751154339
4.381042061464436;-1.0221025813625975
4.540145975510514;0.1292651744227289
-0.873274169251335;-3.813194984744939
-3.870310234786009;-0.24792336985531804
2.3683373915596437;-3.900882690006819
5.184183039129769;1.676402537703261
-0.10491913577758538;-0.36881569970605277
-2.524515762813099;6.668177656232261
-2.985558736479085;1.8835276272211665
3.642905670390764;-2.00269984310218
-3.2183851174974407;-0.4300332890696872
3.6930318701077187;-1.3510979467418558
4.595803226720449;1.1667751379834783
-4.037188986240345;4.5732829821437395
-5.7224760994109705;-6.76162911473847
-4.285516461900286;-3.799963630224143
4.029733408825917;-2.30384945465331
4.666090542313185;4.885557775619512
-4.826848157959507;-2.9136012528447015
5.639803925158741;-3.251235521748086
5.6167250361604335;-5.772246835659445
6.355223748462304;1.3491770043634421
-6.409958061649039;-5.753240088390873
-2.9917403823956104;0.021846750571562268
-6.1893973248192236;-6.0039172580563935
3.3708051349625574;-4.490193868518958
-1.0030757766290357;-1.3370235745048191
-3.055174324714436;-1.4315100029574026
0.7551930222243346;3.6014555162307005
-3.0593356612153126;-3.6791462174781024
-2.556523187548276;3.9491421423291264
-0.22305568571756673;-0.5919793613491002
-2.01100638435066;-7.728870379921542
0.004753687040420118;-5.630967098804247
-4.333813323012706;-5.832450731682817
0.19222760427264873;-2.6473426224520615
-2.898405125228628;4.9042423800831525
-5.1880610964060985;3.5857873731219136
2.347851738986302;-5.649249404330984
-3.809228833914407;0.8921493896922161
-1.6262750511687436;4.851881559990472
7.199748352271234;0.4495936795718709
-2.3262559193846712;-5.0425762042553615
-5.618618235871423;-1.3822642098089037
5.097914799885585;-1.4906591079078773
1.3409611352732362;3.2385177800628853
0.8972624162554759;-3.05815066304236
-3.756898128641277;-3.2070307014221306
1.9913564873902239;-0.4337417449578229
1.074722038905712;5.1951991865334755
1.8950934511518316;-7.508616247048863
-7.851845265958099;-4.410635893591067
1.0320587474074188;5.504181388535224
1.2998816012870886;0.18773424559344498
-6.930554469227177;-0.22390360245748475
-5.408065047419512;6.032066459011848
-1.1351075133478528;3.967106626294914
6.197522045230691;0.4771563235537428
2.8390298324772054;-3.0929772982744552
3.5704629977396287;-1.0785279496790423
-6.423281418531294;6.247150727085632
1.2710892040760946;-4.128461194230855
-7.495344388106968;-7.702594514138937
-0.7306566025968628;4.5888335372184486
7.561300568583151;1.8728378187783505
5.135871893299123;-0.8840750238300714
7.612782794696686;1.7295523994941036
-5.134724103537211;1.2576529853372715
-0.2770530036923624;3.2770670032536415
2.8294565881630227;2.631179864452255
-6.400054247361615;-7.433174779165045
6.233284119567301;-0.2929325096829132
0.08659433562848662;-2.0180937598055078
0.28553753962616035;-1.3279539566036913
-4.740699714133555;5.289065043245195
7.7889382142639505;-5.0001046935180895
4.349443827304237;2.261723565881695
2.8468629756874044;-6.112321882308283
-3.8073842511578846;-5.1987823868594685
4.50634340521837;-3.1890869089860345
-7.560813183540459;7.663783209545336
-2.7994917072096523;0.8035495363981529
-4.335443297883076;3.2331827872834715
-1.516836605981302;-6.471838733040988
7.62731239116556;4.780815581082084
4.9929289558222365;-3.2035386619896364
0.8428454978098294;-3.227499225101301
-6.05825758639484;-4.879869593481452
-5.666278146712095;-0.9625243024350656
-6.914850923251713;5.330843783689419
-2.4242867707239864;0.8912019616728415
1.9378962517471567;1.4775541363190854
-2.5869009208218987;-2.8685014251169907
4.001684424552858;-4.381637790419671
-2.8978308917468247;-6.246195739536503
-3.2274990499109215;-1.3625341773536839
-0.9905577281515097;3.1675164986372906
6.179275082697654;-4.422765391123715
-5.504278651256222;2.4150279243060186
1.8730341352409585;-2.7197805183298804
-0.11558640673438703;6.404476837479606
5.662727492501164;5.430971967730365
2.444034314776509;6.02734844026806
-7.355398186833211;6.123696425625408
5.7228154539735065;2.3459940346439954
5.178855814293126;2.1031292888394333
-6.208184018983275;-5.0503265506209924
-2.387105277967269;7.419659992608427
-2.4932614477555965;-1.4912897975163428
-5.375606643023325;-4.4128707369851785
-2.736245163773834;2.621548449812897
7.772583697904064;-3.4509387732654258
-3.706435743676158;-7.643190813537371
-5.367345594548684;0.9343948028270006
-5.052433494303184;-7.8378977632683196
0.08897724666504558;4.845282410980696
-1.4350014854386863;-7.770934717308409
1.1892875022470673;4.119525501208825
-2.8819608207666185;-6.3634629898047645
2.4430502860627;-5.6001443397070325
-6.604129608156406;0.08345408441280888
1.7617607623475688;-4.492177621709988
5.100117116326789;1.9123568436176388
-3.0511548673744286;4.6125146399845836
-5.0261969463428215;-3.0808711735016363
1.345646231010198;-7.487247121598475
3.500966656210931;0.4834755169123852
-5.580073000929092;-1.1558665467323976
-4.29504638693281;5.740030241317095
-4.288495135187784;6.5615977774469645
5.3942499154044015;-0.32012679545709943
6.173019413282159;-2.1203142514250644
-0.6811103254119395;-7.800832071024114
-7.1757760928862435;2.2656420988634665
-0.17432017744878792;-6.127101554042561
1.3525834334764468;-0.31274559111601086
1.7265020351185214;0.4399950452113419
-6.938734875359371;-4.768140515375459
3.9073839348385633;-4.993776489129624
7.447880937115656;1.9146751122597419
3.8815141835662974;1.640453668580463
3.7154552929407707;-6.327226477503032
7.1631984275959955;-7.975225921346526
6.503753697837022;2.7453473553707433
-3.613677385270732;1.8125489336373999
-1.7919520329852006;-7.870596000256466
-6.453433538769657;-4.307321656533704
5.127467049402206;-5.000247247947495
3.8275049130361563;7.770179630609032
-3.506110773995216;7.242839670222162
-3.8171766957490565;-3.9529921350876585
-2.9315277283976613;2.2682451267242474
-5.147614777949062;6.285134542964871
0.34340995614099157;-0.3228777462975323
-1.453098599535787;1.2170355017737169
7.4291410630239785;7.8193318246861185
7.196141777413393;5.873527967209878
7.915827997874523;3.3634271343660256
-4.984044976815349;-2.1912579025972185
-0.12024689342502981;-1.809090562448553
5.642584075964953;2.3343041969689615
2.7811084938763493;2.6893426391927946
-3.676838482888588;-3.1920680515785183
-2.5530174437499937;7.1334177736260465
-2.2133195524552587;7.656635399000768
-2.008229833047107;4.550583708848382
0.5408133431861817;-6.782142161235088
6.930406198181036;0.5597443729487885
-6.883542169272376;6.977831502899409
-3.8821964616209073;-0.975207164074881
0.05186326466150071;0.18463793900913927
-5.071170091323035;-2.7172185025172357
-3.094468443032323;1.9503368360870788
4.956732480756624;1.7635022239881408
-5.730274721596338;-5.741311080057709
4.156166983706081;-7.539620281910349
4.109806967468728;7.634378226002628
1.7795148418182496;2.420430976239018
2.7717928922203345;-3.7233741216529808
3.1603343924511176;-1.534783313427127
-0.8106079687392551;5.121884402640415
3.4768733781182313;7.827363348044184
5.127652432053404;-3.089412918296585
-6.715980451924922;-5.151777572035471
-3.461277091513667;-3.3734770098988847
-1.7853153252858007;-5.36146165010069
-2.651588025250584;-7.617512532164291
0.6368656822664978;-0.3646014788587202
2.2006324448723174;2.391797091784051
0.8045399714807857;4.553108561433138
5.475226288262853;0.6054162184358152
-4.572590650208891;7.063644465456912
-3.2090168622590554;-3.352036923568903
4.145051003933375;0.7448332089189158
-4.258780130204377;-2.7906741346287376
1.477834449649773;3.101173305851617
3.351436989321199;-0.325114883288002
6.44691571195718;0.37702960993165036
-1.0418113365988955;-5.619209336695846
-2.0643643713999946;-1.0317856792305022
-3.6647976777420403;6.399075115126488
-1.4102626263945996;5.203729066736315
-0.5047983114444694;-1.9329804295460065
5.501373242548043;2.0660087972684575
5.741286560944953;-0.019744840410291786
-4.7962694311245055;5.923456282967729
-5.054720187628426;1.2992387392128002
4.473685038925611;-1.603120208692232
-5.233355922781357;-3.1612098996409053
2.297424807327701;-7.685208292186056
7.404240210224936;5.53887128559921
-3.3958951234170147;2.6335845337790786
1.7325036155360518;4.324357186427452
-5.85553770119933;5.824215443943334
5.682850411340636;-2.9905639974922362
0.47125707907708936;3.9287858726824183
3.775832558063799;2.2684662074371698
-5.5446454548529385;-5.51398285111909
0.9430368096420079;7.239509568828373
-1.441691133756251;3.3265572775079946
4.650962543863956;7.452855398220505
0.26365080981264555;0.16983547807993205
2.7873986658784435;4.536352765379222
-4.51955515852465;-1.6302789589631352
-4.803480474147749;4.773763104294739
5.22509381549812;-3.6224075328467578
6.323357325296861;6.147871058918794
-4.6946342881046075;-6.862000213246651
-2.145979679637925;2.206746863034109
-4.465007270652386;2.752408749930151
6.99083486573204;5.363251879758991
1.266841011045205;5.823850107454364
3.464016900676686;-1.9533997297241026
-1.7348769194881584;5.252324187965497
-5.601408200285565;0.45168056110360766
0.8079145942475314;-0.2719168120630826
-1.2887920688799976;-4.408814975435504
-6.298001093675548;-7.7602812660346245
-3.3234873059459957;6.9256499519645764
2.3511742501009394;-1.9735631380028131
-6.699731552564332;-4.426807123229148
3.497930870909256;4.880214656670983
-7.593939071068741;0.0587648804723937
1.7057189320200639;3.8175400394748653
-5.856546340815303;-1.3957004185305095
7.034293433353017;7.180944566880871
-4.929387311387758;1.4468196793071062
-0.7953453015437528;-6.429139127242575
-4.819166535113457;-4.308444616460548
1.4483745865968292;4.53786179332422
-4.882295128756196;6.234556002469761
0.12844209425976416;-0.3785425406156264
0.269795508282213;-2.000992902348626
6.852402154714062;-2.2979816124527996
-0.6264716656366769;-0.08897112674595675
-5.885934533410325;7.980927492858765
4.606051035680439;6.06790753573247
4.530188002426282;-5.445716939025893
-5.043359831509093;1.7745872855289164
-7.210126719509768;-3.0682140930206447
0.5061775182075987;5.464412481782892
5.401055923095795;-7.197324087244796
-0.8217875934623038;-1.1710578999210846
6.282008513131927;-6.213143638212182
-0.08491312971641207;6.970471396090266
-3.013830377351878;7.321498261732193
-7.288085841112615;-7.5680776417338205
-4.127938898348605;-7.797184005078012
-2.2028789614001134;-6.962189471565498
-2.7735424006657237;-5.4831590760894535
3.5745534292836183;-1.1818203343507534
-5.80993385586194;2.612353290039932
3.661867858002953;-0.584771481523159
-3.4783611152655496;2.9518892269699233
-2.3174818137678237;1.1380975730610547
2.2552371279651897;-0.19293157561169316
6.833772622081515;-3.475855571506994
5.014141367484305;1.2411709552126222
2.082901343742913;3.7695131217487177
5.449041702579864;2.341010954515129
2.7103925854471225;2.5853516742674767
3.0260363567512805;-2.9388791410684085
0.46007069840712234;0.9877128696635893
-7.446352394328613;6.539589007470147
2.920727755676211;4.683066638077811
-1.7282850626538373;5.510949873415438
-6.94486030037924;-5.425584956447246
-0.07232267774399936;-0.6041815924409111
-5.4142241498532435;-6.310870700400471
4.08383440444956;2.6363028070491676
-1.9113499453710592;-2.72429712733582
7.058834780730294;1.5665131606434333
7.272435518833648;4.546389036926421
-1.9753922843490468;-3.0309055239525335
-1.9650960271680624;-1.820534718294395
-0.9181539619706403;1.6054512735875708
-7.336758145194992;4.772065796061819
-5.995002358207884;-4.70735793817556
1.1506293769258669;-2.8875248011002927
-7.894774599427144;0.4227259723960426
-3.0727107283591284;0.28795071568206154
-5.948094872660672;7.511473386272032
-6.355035813084745;-3.0753241003535248
3.192104118987226;2.6653653469332212
3.7219652013274978;0.4655052516891125
1.2546810869234157;-5.6768012791857
-7.552169134561902;1.1874426908293252
-0.24982123549463608;5.416717201893606
-1.358204200497493;-2.7114313666123113
-3.673119995400368;-7.399038913799664
-6.937561279594096;-4.1312173807452375
2.2064436128190543;-3.4001258156404326
6.80172395123785;7.5153169145452985
0.11791423889045127;-2.764603098812483
3.1052544731068643;-4.706153807447162
6.665126986758356;3.9313546329419626
-1.4290240913303673;-6.466754142646053
0.7308838769710384;5.192811373052853
5.598097301062976;4.802403460537944
6.34603476829108;-0.9898634429091437
-2.430973975890213;6.471853058877318
-4.805745390095133;-1.2246840963421768
-5.086362446048502;6.47330343708439
4.28685993132857;-1.7598570809212148
-1.6372479954746275;-3.1094350982874968
1.2946481853077252;-6.938289788195815
-2.6518718819205063;1.588472033772284
-5.238336588291855;-1.4039938106567806
5.559348925175524;-6.304701448154333
3.6076249753747707;-1.3781836846155997
1.0261325867402924;2.3443391175230985
-0.5918427898734855;-3.242492634014397
4.251891789106104;-0.6920241198134516
-5.972317767594676;7.3202481088944324
6.918579122938173;0.8371586451462907
-4.633295387737418;3.2354007660218347
1.6936258117234786;5.474460521264708
-6.939786346916412;-1.792242169302936
4.871928265695965;-0.39037826711913937
2.2077041970016396;-4.323666027603968
6.544755662785786;6.65315444844704
-0.6507838744634338;1.7502970309108168
5.541972337855389;4.894953273768547
-2.887836431677167;-3.8191591341235167
-7.910552945013595;1.9343095010714144
-1.8111602741765847;1.695478287402814
-6.738820001376343;-5.6574307906654155
6.3678701682166015;5.6925736525588135
0.0144010684169249;-1.9992749941294363
-6.82563613343244;6.4398329984389555
-4.649449799666405;1.8092811257183623
3.2881021953537743;-0.4029269633718968
-3.34117150448804;-2.1595388864625136
6.086013746756983;-1.716893520886412
-0.8428508226906999;-4.212594072269239
1.8934433848957646;6.923118788034653
-5.385680579908941;-4.829997382585006
-4.8535376360957;-0.6371941910403791
0.4057401889474477;-2.8747251629678345
-2.7165479750307053;-7.410072310590184
5.680648014670677;6.841226049414722
5.773916674157343;3.6541853407071763
7.585658099414411;2.9119635799067183
-6.124579985316242;7.89544582171966
4.063961487357901;0.39203566397834244
-4.386084405120757;2.9463134518562946
0.7817733547884078;-0.9917120791398819
-5.139100527984295;-0.793992445438672
7.108374128998051;6.461760224016539
-6.292343046565611;2.194972287489483
-4.364227769553489;-1.0362618793981682
-1.191812994382392;3.74574196767092
-0.6152830683151773;-7.036679374396424
-1.1972791162145082;5.0495284858788345
4.078608085168087;-3.6025789409774784
-4.692226922968823;-3.152123650559872
3.390375828119259;-6.808624425303302
7.108804363229687;6.236558903516244
-1.744648450896829;4.872901164060789
-4.661405129887823;2.2195971809176402
-3.704012365937551;3.0516504031373977
-7.820008286191047;-6.0355776620009145
-1.2945596405570257;-4.283895844550727
-2.7385985972294833;-0.5760425267747138
7.063929131414536;-6.847678453389605
0.4238438246643774;-1.7773055715736508
-5.267917460063744;6.500267607739163
-6.5967703030573865;6.752424518695921
7.537092763971025;-7.748238327411997
6.541265387217685;-6.213147328733628
2.0330706454837824;-1.2249896705838346
1.9163071852998321;-2.3749156263798064
1.6059637796067374;3.400031739934562
-7.711132057722457;-7.5943654517745305
5.5260304723888485;6.115960089258941
4.503586729498206;-6.406917476975057
2.48925686264624;6.9353792815308335
-5.6182229089318465;-5.07917307835101
0.3495555950938325;-2.4442167684302962
7.304889309462977;0.11439827335862418
-1.4603444990150667;-7.313723533344891
-4.587383820714672;6.777808469811337
0.06233723347978426;-7.249096549956711
-6.327591593747609;-4.183568774397283
3.902677873414289;7.256913018456954
-7.776695421936422;7.356380550201486
-3.981853890546894;7.336579112161884
