-0.21062724203941385;0.22891359272413134
-0.4855562349552471;0.16795725646063306
-0.06862572301281249;0.27231738271221995
-0.24353094606428977;0.3424095001945857
0.16605978655723402;-0.051569604648537645
-0.038935106609941775;-0.013411597149349199
-0.2589204376094672;-0.11172322848824484
0.1319066286885015;0.2398942341748394
-0.17341691982648333;0.05237346286894375
-0.5554754153091792;0.4480535464189205
0.6471241953906117;-0.17954481074628856
0.4073233309079024;0.2883820440949317
0.06660642694109505;0.09137214278625973
-0.08871086600370867;0.2346962450661627
0.36893259734129885;0.21242053843008504
-0.3802547658208982;0.026357795749859886
-0.3302144443377127;0.1935201376421382
-0.1359907741340803;-0.19535597874187718
0.21326766791614643;0.0599762008053658
0.16691899487593262;0.6345315879004125
-0.047364064052587376;-0.41129876486221756
0.46207997235170095;0.03511490747408713
0.031894717465425354;0.1300071097020386
0.0676037046238858;0.10403381612286632
-0.18149811419491785;0.03947180379175791
-0.03450938092432143;0.6383884748310369
-0.3078813978104472;-0.14432029574496216
-0.12283748868232182;0.09695291487757664
-0.31838414434687107;-0.22465964757805637
-0.12401987743666731;-0.39557164383858734
0.043766521820770087;-0.8021246145403135
0.5181631545197303;0.02808715894103585
-0.0210386361457398;-0.0694625501189169
-0.28553239166037775;-0.3471485380608635
0.1700987199338225;0.3444991431067803
0.09651332745693986;0.16601846962470818
0.31454365071486473;0.19006285280854154
0.41478977277948603;-0.28314800241391314
-0.36574898098099157;-0.31412923934868264
-0.11848717192500935;0.534986778013159
-0.009939176518940699;0.23362555340252827
-0.5291368139043227;-0.17819971069042057
-0.07780078668456096;0.15676904911735948
-0.16795477406770543;0.0004651441630668665
-0.6062631070843653;-0.0026808715717617795
-0.5618493354016839;-0.12042797356099444
0.17693368965234327;0.7463844546061493
-0.32487752562341576;0.3123809524923083
-0.05029975056669389;0.4001437945678605
0.11256313945012208;-0.13491949494469935
0.4668407127265594;0.35075147488294356
0.06327305025146646;0.1617710728459524
0.047489469334041655;-0.20873995210892687
0.059071898896039955;0.38298310770535804
-0.19854854517374554;-0.045173236560338496
0.29717700548956466;0.40516645838876714
0.3185158309777356;-0.07241769619911372
0.3331278345044862;-0.28154438545959565
0.6567606935618869;-0.1976648442835245
-0.026377187233231063;0.1526248561646205
-0.041096987654120856;0.44212191022206715
0.526323267428984;0.045197329745117386
0.16118080599979245;0.465251899987458
0.19582809500027626;-0.26493910043229074
0.15535785227434293;0.5144938924272346
0.1468429636631699;0.07598806721424517
-0.5385162257523746;0.3487319724727753
-0.11651148356853287;-0.31704583328632086
0.1520630979178568;0.04147573981487145
-0.24288393619692147;0.07480790149137889
0.40361576905543584;0.17785865885857116
0.011717046358622805;-0.160367683090557
0.49219130397478733;0.010083972087466865
0.14291764230749704;0.2665520993135061
0.29139590257004144;0.5190564349284261
0.019189336850190954;0.0034025913537283343
-0.08354968481860602;0.41667637568114124
-0.1435627057840185;-0.4513249470892533
-0.13164480256200056;0.1010014545135568
-0.5538899725722478;-0.06776688513877054
0.10283143798295055;0.16471046077131257
0.5677887979947296;0.11010190107599518
-0.2977366914592079;-0.12655967947014962
0.0691531510275288;-0.10199343161363662
0.28627181518499656;0.19885694843803609
0.15717490154549343;0.9581987214186579
-0.22749722841817174;0.363416044183876
-0.44540912919067505;0.15565129669431077
-0.4906639405930564;-0.6169358598197049
0.21922839160329607;0.10479770246978602
-0.06579463039147712;-0.26568064543215864
-0.07004025998735859;0.00488906209902445
0.0684658511850264;0.06341943080496529
-0.14863437136092758;0.021404541753472544
-0.16063442750756535;-0.44161197740992786
-0.9140657692585222;0.5094574414338877
0.7023342335528949;-0.6205305713270297
-0.4320108619177396;0.20510010339077986
-0.20610013655873152;-0.3951795452365427
0.10908738769355517;0.3686344876779144
0.10761873700698614;-0.42048851615195704
-0.059080335736558416;-0.11228544731381242
-0.13837728431194354;-0.2440463021260058
-0.029598359876263008;-0.4229991402501272
0.18817121092266037;0.05286001305491217
-0.019809909959689828;0.6536627632751011
-0.17801067461034084;0.3830722593665179
0.3627161563977393;0.08981653799355997
-0.2146003123050348;0.2593579235278826
0.0735957538586011;-0.4528714538913568
-0.021038842514598418;0.04073989966586592
0.007497868886301548;0.14084468521439059
0.1322678652632491;0.004977132389106481
0.02544091853270294;0.45334364973387037
0.2240134488153057;0.2032181439481287
0.21490002022062737;0.39616542957538065
0.5204462830389148;0.33834047468392686
0.5614749995271998;0.507244293135467
-0.04094406969750638;0.16924971480819123
-0.14125371671767456;0.1575182556031712
0.027106010911444482;0.4983609917839797
0.4442152050701482;-0.08730439355115659
-0.041384634809781586;-0.03661451605588156
0.16261998317580123;0.54760615506979
-0.05377239756917344;0.35710950933508434
-0.18999417700905288;-0.040237834792525
0.26857358840090756;-0.10344776280673945
-0.41500055752263115;-0.5231953118242024
0.42488765940317136;-0.33404620435761995
-0.34704385483318456;-0.24780778251680732
-0.37641612977358435;0.3445886926832648
0.5018721355075451;-0.2696603599237618
-0.14503320079622778;0.5246684513688532
-0.018628115412733993;-0.30494953871044705
-0.3049919985869734;-0.3307001564728185
0.1526372774057158;-0.03103178071297189
0.38450527203101353;0.006465644982727208
-0.01062077304871056;-0.6195642850318118
0.5138327253354987;-0.11477249135126444
0.09654707430816833;0.4159142706614143
0.042867513517860174;-0.11260493867060334
-0.08298047519814179;0.44801384723046106
0.5234142917021052;0.025484925475410734
-0.40851397151072355;0.33463342907273336
-0.441028275468295;-0.2057742165261435
-0.3987075659745171;-0.06240762060609992
-0.10609344631076788;0.010061483008812934
-0.10810760926787412;-0.37233441426714764
-0.40572674932848857;0.06919461578551792
0.5797262756940734;0.0768185759202222
-0.30537864503481027;-0.4581433849581135
0.4088313660302371;-0.1617557647211811
0.07789707431045376;-0.027233535016439547
0.49958951414726843;-0.02918688004552738
-0.04872978565430392;-0.22778278043838351
0.3435888929569015;-0.1356910693836067
-0.2885242257537319;0.09561502374326697
0.4258339606058017;-0.09979017079689674
-0.18407802071226334;0.7514785872657525
-0.2528402946658759;0.08873856989540142
-0.21385217871769424;0.20833913656641265
0.17623091880423875;0.4462244576052652
-0.14575111455072448;-0.2732577128947513
0.2830647834745302;-0.00830982343196469
-0.30484473518603006;-0.2879952964577791
0.2556528389512024;-0.3188591534415795
0.0929900584293698;-0.12019027844500237
-0.19366461096258555;0.5249020882383739
-0.41829857463360426;-0.5004086055231987
0.28474404270097786;-0.0902186622482592
-0.17573877037055624;-0.13265803685161226
0.14062142277592676;-0.28838616707979553
0.14715750520159834;0.16074083237721526
0.5350363694995087;0.01041224709394522
0.6490483438631659;0.566753237576526
0.4079626046777272;0.15155290311144257
-0.11918211327328174;0.11765620768723262
-0.16836208370044212;-0.1834536790559313
-0.30683341572944517;0.2844813865966225
-0.312019074772614;-0.41374762120812414
0.04166587505707909;0.30656477565375473
-0.011569833280798447;-0.553543146158117
0.49301212629040725;0.8242171249312866
0.5315971835632322;0.035612944377590605
0.028045069577721373;-0.00916004876498868
0.4910784959049744;0.531207522679578
-0.6145071283703261;0.04901380971062622
-0.505682507674188;0.632140154865652
0.3392168459063029;-0.06956612868906485
0.18539321382721338;0.26915752704041684
-0.1800983976484735;-0.08264322757564461
0.04497134300900964;0.23379449774015446
-0.6642474912286958;0.18904950260061926
0.3743681908354867;-0.17325479939617355
0.12022338149260245;-0.0559274175821677
-0.665290790327995;-0.11034817398569116
0.0410008773370636;-0.09981690330954542
-0.3361145572465807;-0.2954700301817953
-0.2025914194066527;-0.29972708335177844
0.20763461585806106;0.2087943537038944
0.06061114026695461;1.16829025478575
-0.02410568344130936;-0.20158301794880754
-0.0315132593651585;-0.08174953682887158
-0.20154320212623203;0.16896475488164137
0.31589731617108907;0.337546011833857
-0.5839261758986515;-0.06369103609110731
-0.017010419256722923;-0.11827133291387819
-0.06507819549942918;-0.36142381464600487
0.34788183148660484;0.2127629599881672
-0.4037023834154297;0.16640083417193594
0.6930737781930312;0.26641967128385186
-0.3420487444039224;0.09975192954473414
0.005843639771053292;-0.06234854698978583
-0.1846404502348221;-0.365827790815153
0.2604319384712823;-0.06329219773277554
-0.2995865880379707;0.15016198158922717
0.10168726294275462;-0.18424922027480076
0.12717607167200282;-0.27467506457256846
0.7833467180548616;-0.16880329606191535
0.44576174511696304;-0.21676373140588212
-0.23757962401319557;-0.2981473491765347
-0.3483134040874577;0.5787066616562515
0.402997653598957;-0.22874420962599565
0.41222520551249386;-0.2744395498893231
-0.21537179782159613;-0.43981168827320993
0.06830837372149172;0.08218910488944495
-0.11345841819768845;-0.42491492392001234
-0.4970404984552977;0.06743874823792405
-0.44368669651817777;-0.0035557181917911435
-0.015836167175288098;-0.21432834766398998
0.01212571555619697;0.6182262486538664
-0.37688456819741656;-0.1551709980016902
0.30312573967285816;0.09977982669596991
-0.10653950767648206;-0.2827210924073163
-0.10704233032598638;-0.3085385076956789
-0.20745832749923981;-0.14581174235123584
-0.16073720875063938;0.10985842796924661
-0.0616380102240208;0.3677006764159123
-0.050202416837765294;0.3291127148604083
0.15629504753766282;0.1662238650590015
0.271825726951426;0.3339096154305031
-0.4427509069247499;-0.5955672382902141
0.5703298922605379;-0.2165394053289912
0.3870139522218538;0.24317128756177728
-0.15748029769577374;-0.11049324499566215
-0.0018764183776730711;0.2486033418607564
0.09364867193668587;0.05741647145459008
-0.2557092502761569;-0.856559842037092
0.6999331967775014;-0.025524541909288306
0.25240168600960516;0.21566229092919936
0.05223448218421415;-0.4446442002220414
0.3466108292045199;0.13799845549800543
0.5445206603588603;0.14026137595293114
-0.3014924968994131;-0.005796268624846905
-0.25833344150239185;-0.06013244531060008
-0.2418730510653906;0.6003984260815532
0.3186665268714753;-0.649943452690461
0.1142817236574091;0.24218051115804573
0.02782750923396124;0.207068339487779
-0.40518621773469066;0.485470441321032
-0.2859443140143274;-0.2890629855065351
-0.30620550849420336;-0.18127909521864968
-0.16324287692934533;-0.09104419098169661
-0.12533608510432578;0.08962297744304547
-0.254002186446512;0.16157173204301908
0.02093837224946499;0.2426669042520362
-0.4334402183065206;0.43877031572897796
0.5646931089514052;0.34262527233012724
0.28170943415262684;0.5510938221888126
-0.06488296273538206;-0.09885629838838902
-0.0821876208442892;0.22521083854514753
-0.007490540510777441;0.5236612191150373
-0.2492167823024874;-0.3079537174403528
0.6627750280005973;-0.18864457791755132
-0.058898135008545974;0.25506082768613636
-0.02778855642227422;0.23542674940642863
-0.24575632035468978;-0.2571831898567489
0.002359962242156398;0.370701527577836
-0.7073901784258244;-0.12356770159804253
0.3986394257336091;-0.4656451969197922
-0.17886412157502496;0.33251731538571483
-0.33424513671126976;-0.01199840965958041
0.05763103244025369;0.1221150338399287
0.256552224462123;-0.38977091509910033
-0.32290671981873087;-0.2820380704175343
0.13040179700626875;0.07696344370339915
-0.02809151287440256;-0.07946098106946047
0.1359940187529715;0.4114709186130375
0.3066212765675338;0.366238755096517
0.6257174221236127;0.028103473504838883
0.4518179291181147;-0.2526912017586212
0.28263533830933124;-0.7047256408469565
-0.31931191389851477;-0.2386220753291836
-0.219247609676936;-0.6026946171215835
-0.16965273150611562;-0.2978668229255155
-0.06100753294186232;0.03259923007203321
0.12430360937443792;-0.20644818164396556
-0.1376194819721924;-0.39790075109899525
0.1927426584493062;0.0979937167370509
0.22918977704481291;-0.06611843622714543
0.32684355870224263;-0.037288645658484915
0.16068743331858842;0.08802522688341526
0.06426031534302014;-0.1459973688772342
0.3933368733077;-0.17193480387757795
0.10488881080026112;0.4712469511567446
-0.22414667147588135;-0.023915867316268623
0.37200128487841766;-0.6259167633528778
0.0702521180239096;-0.4211253240598248
0.9517753655452771;0.08215366746610273
-0.45316193602541144;-0.16093110824175094
-0.005017564058280095;0.5135263889872581
-0.055565590859101364;0.5698598749299584
-0.34919604826721673;0.10581774479646307
0.09640481024330692;-0.4816716634615634
0.2516103145423924;-0.11141403318248261
-0.405740286534244;-0.500370645137171
0.10514600281056007;0.27783005079841727
0.03923598991489413;-0.011032217591699403
-0.28081723660362423;-0.4813340770344419
-0.14251376674681238;0.03309150463376857
-0.39156696165014987;-0.38045619861389307
0.16005651804236615;-0.4092185673926871
-0.022659541592866716;-0.3947210378092828
-0.3665222635654663;-0.3173099053852923
0.10604395160478036;-0.29027473257952974
0.3199549520560447;-0.46220906924408406
-0.36351115776137216;0.17408289441806046
0.4901174161408178;-0.22909670213499153
-0.14588423647504475;0.004896499887570637
-0.11824866443417247;-0.30791807240485375
-0.1654050697778923;0.15205131716651635
-0.2695910889001602;0.14805039798520817
0.18468520132104513;-0.3225393869483084
-0.29439914485063284;0.2847365748863832
-0.43236422744547937;-0.12734585901064288
0.2770695065623415;-0.26347727156532885
0.16797669396775816;-0.06880375318697204
0.31393046785684875;0.3384755782342692
-0.02085735910928296;0.3306093015189391
-0.07603628583301378;0.17935155763760927
0.16062957468335612;-0.1019575291241412
0.5553093701936849;-0.4062105379420075
-0.20274818570555464;-0.34693733621319994
-0.14035741276997943;-0.3140183274710421
0.09435579088319598;-0.21114154356508838
-0.2737605890873414;0.5966693228227693
0.01908244340369557;-0.7769527066192864
-0.6714177467899728;-0.01314894051509648
0.02488851210918069;0.05697259554969374
-0.2770857983576622;-0.051013571599001516
0.09365124203221172;0.1678905579433077
0.168427291896854;0.06744808718190887
0.2200549801466263;0.3960299619716762
0.13413712851999676;0.34993225081191376
0.07472437433701644;-0.012178137917883938
0.21587905951087766;0.0405027280986829
1.0578645264896351;0.5838070082109337
0.09843378916412532;-0.049011363184716376
0.2681931637210835;-0.1995500014462628
-0.18807190105633445;-0.31366847239907364
-0.21211758478523166;-0.17731543435633737
0.08877588445317416;-0.1330061158322582
-0.19027052941783396;0.011390179688004645
0.1078964234313427;0.5890277086492225
0.4244019540145482;0.3657429041935333
-0.4727566093243442;0.34801892542662904
0.4738758012997561;-0.4083928447122138
-0.22442670254228236;-0.4376740274926102
0.18204326861096715;0.08540380769620244
-0.07213622341233615;0.17337084825890253
0.2270157544655369;-0.007005105336506275
-0.18958507100439195;0.7515749456998052
-0.1293974809436682;-0.07185393626387739
0.11353101062394513;-0.16374670877783515
-0.4519609306747705;-0.1924766127245754
0.2939192818083792;0.1550252111240579
-0.3298098802088676;-0.14652488468696123
0.03529687487778026;-0.0516160515646225
0.08645524893306807;-0.1693151826952312
0.18013861316605354;-0.005660841010687538
-0.33010907355663943;0.6837545375457807
0.3392357849807451;0.5151285367673348
-0.4772491337733634;0.2569554162817925
0.3352544304938926;0.1928368906417406
-0.33838561403801576;0.4301327346353194
0.33385235936477603;-0.30997242930328706
0.008368523212929775;-0.10133790700688947
0.27874622550559625;-0.34801231124502174
0.4863949900131556;0.31965471020891545
0.3365655359080723;-0.2998258268580614
-0.24008824276387114;-0.11188127081917694
0.46850130382013944;0.7921001677297523
0.1321023842967584;-0.16997181750938864
-0.00398652001215209;-0.40221664228882525
-0.09017356689974461;0.27840959371800267
-0.029810072110266213;-0.037798210793266805
0.1882529159118984;0.6043217341665091
0.0979686539784781;0.16990608887731967
-0.40405693062379966;-0.519067749233108
-0.12719958249337457;-0.15553317872002156
-0.05248535162395513;-0.11067644279161584
-0.04981485008957783;0.07045702828981865
0.12488199468974555;-0.23445084502880514
-0.21519026029871066;0.4828243281220072
-0.22033006237843106;0.03696832946566074
-0.29650640820878404;-0.06935452948739211
-0.30792166833121665;-0.23300968811577355
-0.09245297702715208;-0.3600493596980126
-0.4773682640938261;0.23305981323795924
0.4784213767049092;-0.1001408979133539
-0.35658572313380593;0.4079112806778968
-0.47417203035569055;-0.6045027402438707
0.008619876444740077;0.2986573699349651
-0.49589624260448256;0.2537619322111513
-0.0062197415190154304;-0.008045179389033465
-0.04552337037357548;0.42972215312429696
0.2940091664117164;0.2975071813731459
0.26851111879433315;0.2694260458511497
0.0857908754493279;-0.17039903383436797
-0.3373830625947119;-0.028340060521366513
-0.4330667731868142;0.1079022952058023
-0.39055693939552943;-0.17851010444624824
-0.21423333652600188;-0.18163590060426227
-0.26713219701183494;0.02782700355382034
-0.14502559676025584;-0.0033963876658207946
0.29649937487077827;0.08034042984261103
-0.18195202981070074;-0.3238457349422852
0.21126027901676156;0.24653377542549174
-0.4779961586980932;-0.2438557745673839
-0.4708255321877068;0.5145686882283077
-0.3731366737242433;0.14174773166604973
-0.6134550453424521;0.3762000347586599
-0.18194366148534016;-0.08315439901515925
0.29773209018;0.31663970172003114
-0.10785546218745642;0.36018076534340404
-0.07815270237406881;-0.038583616857914525
0.04550252939119981;0.29075115152122044
0.280338864623256;-0.3146177878085825
-0.2110217709942723;0.4785206449089718
-0.3121919203359174;0.1361957698319868
0.07919303191986231;-0.0925594678081201
0.14649337202825977;-0.3178096945819576
-0.2031394997832083;-0.1098268991109133
0.5340960915441667;0.6207634030997466
0.8089468315508693;0.15727542210136772
-0.17436524719266774;-0.5274909652618575
-0.11084752279805042;0.20265826480271465
-0.01947203099582118;-0.10434683655093056
0.24192103611771124;0.05129512956460407
0.27465252240599874;0.37299417173724253
0.24870075284363577;0.32140727818310005
0.34476649226696215;0.6005145880396479
0.057709319481547165;0.3996292462643815
0.3510614179167325;-0.04255764471226809
-0.5682950092469591;-0.3534076686921692
0.1541214715952552;0.02015177188696618
-0.30486365265765736;-0.23216282138032746
0.27026268183838836;0.1359498392102138
0.3344511277732242;0.11452640231812339
0.271999983188275;0.043007677546431006
0.03483325627915948;0.1576019213584673
-0.38198046027435745;-0.47153685232342696
-0.033828581959082366;-0.36582263744049454
0.4855904876367504;-0.10323545538047592
0.2145918466292703;-0.4339605469988651
0.4874031120837633;0.2601122313688623
0.2889633528884469;-0.04730321182167315
0.1602571938004799;0.07912951027332538
0.4092504687735416;0.16906370266229706
-0.3138366973228475;-0.38878650647282875
0.176775126217046;-0.11617252818638564
0.07515065407693174;0.3713554242489826
0.03484755377357046;0.18290926580133401
0.1974452438071074;0.3616057110650368
0.028677822088392663;-0.37239478122333175
0.1787434464588465;-0.0911387381741389
0.2609737486879509;0.2283929135546267
-0.014780666238719297;0.07342036839574759
-0.0976872493997839;0.5574147111431268
-0.5233084328335696;0.2198986008873381
0.2221715577081705;-0.03804207659822456
-0.18176320989996092;-0.3880642294530923
-0.259269980004434;0.032304730137259964
0.40215605124476966;-0.09523033463186695
-0.1469175115649786;0.4410941273915653
0.11622586406398429;-0.2294775693885223
0.26613968938513827;-0.1930452957417782
-0.09957100437002411;-0.44981061084940605
-0.9011458649971741;-0.3030671508120324
0.2841184959802505;-0.22913755746512182
0.03820571806087268;-0.04647826423532023
0.012949844235807736;-0.5584261920852989
0.12408082361085859;-0.0023766938243923587
0.04081491917935948;0.03110340317022351
0.1764156997258739;0.0978314259010628
0.162049479169824;-0.18177558686920178
-0.4759781447373524;0.029935308299535373
-0.5442746358662479;-0.2202719208385846
0.21052109208854827;-0.29362875165676716
0.21520000156690886;0.2334947980903789
2.6334264920349337;-4.079082210674542
5.88522138892259;-5.49356757849519
2.434158439096766;-7.040020821319297
6.071759457721496;-6.250975933870956
7.444625268614592;7.318713743080817
2.9378544629110515;-2.4009599198142766
-1.0387201812103815;1.6119885781003696
-5.492849690638684;-6.224987196750384
-0.4865248427332425;2.2909869630420463
7.402525594714014;-6.970286479955675
3.217594912656047;5.365949753482473
-0.46191059024487124;-0.8532791285726802
-2.0956769122770673;-7.880940755557997
-1.0879787833991337;-4.3762320636704946
-4.321120756848789;-3.238135195054433
5.040697606714977;-4.981310945107575
4.804059415742941;3.8445751808900486
4.337822868709841;4.0344131002065815
-3.928001581859977;4.700016417382038
3.2813569138836662;2.2021002738673054
-4.029590130271698;2.0437256792023373
-4.989806689233793;1.294985760323513
3.876374549296427;6.996878447467818
2.074500192977963;3.8949933221988324
1.569260125178694;-5.234012762402017
-3.5893497816597186;2.995930512942424
-5.236311781267046;-1.1373548610445656
-6.985930246201336;7.252602407396354
1.5636794454446186;1.4063349713428632
-1.102557367244101;2.1733386438202587
-4.88051771369984;2.531514167122392
1.7364958631112888;0.5491013832550546
-0.14546101983316007;-2.4603468130820456
1.5187906239987736;1.7626322833791264
6.693068437923953;-2.679976937157699
3.2240163435125044;1.7025368286436482
0.39397141379364875;-5.018048124212584
3.432238928666365;0.8534969490045619
1.718646389708928;4.142844737246259
5.21001685514195;-6.2137865810475486
-2.6750725606135077;2.16662608524228
-4.862748559984098;-5.8765782148914365
2.224126063743146;-5.233229268522333
0.38780832902208573;-6.717105401133333
4.377680016637967;3.2048354133361627
6.003973720830686;0.7366034951323428
-3.6021270382773913;1.8092116626996848
-2.5237675203248333;-6.409040186868214
6.510688110235684;-5.005969355937205
-2.771974964851543;-6.581181528748747
1.3180892658792445;3.8873050793938315
1.051380761564241;-6.557700218395363
7.845457454915145;-4.02108001436266
-4.924967346095018;-3.638642631679666
-5.099569277646266;2.9243968257698914
-2.4860249817437676;3.41255316743203
1.4596367164701398;4.05086229292937
-2.8004031495106805;2.6655491479967246
6.619388661863123;-7.189756963928772
7.290516356709324;-2.405057900712743
-3.9705655160744016;-4.7305778021107745
-0.363359270918604;3.889797839093319
-6.763354044677282;6.335424264093202
-0.5556985626374829;7.974408756364008
-2.844177137183248;-7.356506084400285
0.4994594403898365;-6.52271677451861
1.8058098185881981;-3.021564966523963
5.897451183776717;1.391169073745159
6.770202811300136;-1.413785674407995
0.4441322469927478;-5.259666606345862
0.12958159077125764;4.5552679350475405
-0.45681982541625565;7.7468663011669054
0.08547346232653297;-4.370756208738792
-1.3104474659924552;2.4467822337303247
3.0578466021200796;0.18427815167370198
-5.061309150027514;4.421589231128124
-6.51028984833037;6.746214269967195
5.332425899259492;3.8523200646466105
3.402704142075219;1.814619919957611
-1.6912500833526654;0.6078116498946997
3.5460990359469164;-4.02323904949772
-4.821144240396279;3.180539764369314
-3.923126008701244;5.045618968765314
-6.095194124970817;-2.8647338799141178
1.9874840457219154;4.269042927134679
5.323596104245238;0.4728055228085246
2.338018588831938;6.69624243031061
-0.7205430176825782;6.953630589431315
0.4717402941547988;-3.3129201414243674
4.950825685403917;2.6419765304447917
5.452538512447372;3.43475164289811
1.619221694534616;-3.445812078341598
-3.98846651921129;-7.723475938252157
-3.4049063463686053;7.827954209379897
-5.446448006555764;0.9148154825746619
2.9679803623945613;2.7391553050651805
-6.506614066032633;0.7015622906572307
-5.60244787383848;-3.794267481044498
-4.044071464703924;2.020219200600872
7.679359904806347;2.5768297086367387
4.291674696602417;6.336439771578144
-4.545101482742838;-3.430928313386252
-7.370576849165175;-4.374131608250197
0.3216153519626399;-1.9616046947694947
6.498708359208651;-0.7995733403554901
3.0273640689105896;3.7903739977209714
4.5439339475082186;-0.49338451614707424
-5.7077466659491805;7.76996725139567
2.009869004171918;-0.8738069115836034
-3.3928585206044986;3.151979903437983
-5.006704373176655;-1.404388846733422
-7.084362846918536;7.197812159650438
5.531539632521316;-0.7896973034650632
-4.347191978992271;-6.201538588041508
0.05772044179343894;-7.905117106749543
-7.756837823158451;2.289042873708338
-0.98174987156737;-7.64685645708342
-6.596410651187631;-6.554137635681695
-2.6335557467034896;-1.8934289026806397
-2.1423455787344032;-4.477646501780574
0.014931714549812014;7.267217438851558
-4.844619354526056;-4.788525503577516
2.9571152719280747;-3.8299682797196226
-6.680320100939436;-3.054984895132158
0.9465940783299853;4.592333110987267
7.84248618772364;-0.2202723191039393
-7.446215057699369;-5.53278248856836
-1.3957052206278124;6.0727169089038675
-1.2667682775160038;-6.593322702557037
-4.441221761659209;-4.7090588991208975
-2.6659189908233607;-7.207448997756092
2.958052892073944;4.135124322907398
-0.5455397055332885;-4.848889262178934
1.2582179643030855;-7.788638983597675
4.2253982379985064;-2.5976298095978603
3.1131828988817496;-5.343405605283104
-5.706926028968374;3.753109658243762
-6.3856520748401095;0.7982026460459704
2.7355261259243786;-2.23229263872377
2.7815143100989204;2.0440839664051396
-3.80090777373381;-0.03474876296581719
-0.804436979750367;-5.9074643553736
4.871391472590686;1.824397827030321
-0.4548596615034963;5.746019646438729
-6.923307507145006;-7.3432399127215575
-1.3499322514465586;7.746460913489528
-5.131778588620216;-2.6948944236171624
-5.3772908809402935;-4.096209603786377
-4.412825347092076;-4.445343835670247
2.1263649282712613;6.07197190120945
2.4253238603939344;-2.1673662088538546
6.9279658721104145;7.379551891484127
-2.0386013494812296;-5.461503235787237
-2.9917448907355286;5.313759287455895
1.6726191652676867;0.4569671603118284
5.577966811745728;-1.1105318125492065
-3.9350175801102;0.7395881448733093
-5.976029248982684;7.783473712168512
4.5201807599644805;0.48265531890088553
-0.45386842922636106;-3.7748065076179333
1.4095658878597135;0.6464839082671983
4.4979684357744905;4.323999753038077
-7.730818000573207;-1.504825529038536
0.12042988522985532;7.005246564864105
6.6100682150842065;-3.495328537241951
-2.6600176679643663;-4.576400593575443
-4.157551907486171;-5.805525379082509
6.786383356821723;-2.043926547775385
6.746525252759824;3.141713154034951
1.36804000514163;-2.1714678228225974
-6.434096844086101;-3.890060900250388
0.4116084763957222;4.925080408268478
5.816691150802312;6.774343555672248
-6.533803950209004;1.2216069265159142
6.634036276273431;7.032721163394557
2.2124713228404094;-3.4426331656668765
-1.5016207593010265;-6.1880179379201525
-1.4488764269554153;-5.989316278647767
2.318241054695882;5.375760057860488
2.0147402848448976;-7.071741166593085
3.8249751873385804;-6.54717309544484
5.578364377304762;4.83127752724827
7.461073272223267;-3.6143616811951187
-0.5347058020024384;5.6303261370348086
-4.299259766792645;-5.172879370186065
7.3489274395654665;2.3754913104174307
-3.7268541224307565;0.10549719030064075
6.106201348912167;0.3721378845386809
-5.038805620864508;4.216512522093915
6.7460757010482855;-2.630124333729773
3.6943438053081117;-2.435072119791995
-1.3662165828668904;-7.435336316549966
3.0725049791792287;7.0887528190969675
7.7771183181100465;1.5744515360295441
-7.738831837209174;-3.9977924057050185
4.637732916735196;-6.156285902984749
-4.980973295530806;0.4112869390259384
2.1351896313648933;0.6073814430788875
5.926001623837507;2.1074795094073107
-4.971643202808481;-5.747116089567891
-6.665409853482643;-5.609704385358691
-7.2911941805189535;7.588307457212366
2.7076438591355103;6.925232852366598
-0.7420055638573331;7.552810390953184
4.263164647489857;2.7464691851356378
6.943853376205567;-5.965231244982629
0.0273750704718303;0.056564092174506087
0.007155687042990522;-3.544473243462676
0.9478416917881916;-7.8932667008030855
5.409413380824999;-2.7149195465376668
-6.0704398520404705;4.226966800011576
6.870530855049486;5.259938627185779
-5.746927455892909;2.168942066393571
6.5599455657018755;-7.76334601276084
-6.987009590807411;0.35955267766601295
1.112784531110698;-6.954364744974482
-7.220237090866322;0.44488384916514434
1.569330217620923;4.930125328666152
1.6749886742761078;-1.475740173739771
-3.2414217806005183;-2.2124241304220327
-1.6084296206362616;0.6643379069299566
-6.132593475174312;1.0389590831502744
-1.3855314007813;-2.1527779870895767
1.4179067163348815;6.076587504143152
-6.146933946882768;3.5009818225136193
-6.842788075348155;7.783732490603109
0.10870702009996869;-7.132152404982191
3.1600475845897655;-0.20484101761673124
0.12796254715059163;-7.890636601994499
-4.486260880817397;-3.876694547323657
-6.207130219999488;-6.121180302334372
5.469801688117714;5.875629498563063
0.40949525520942487;2.938330260389721
6.036934695972601;4.266945272178198
3.7497013051505874;-0.49613962432692027
-7.731546070634144;-4.923032919277562
-1.2019214618216765;-3.9271056519589767
3.241140176322123;2.9663854727561034
-1.399117303723859;0.9003074079695192
2.4462693192192724;0.10872251764875429
2.7883341152535124;4.822481357598647
-3.424577210543802;5.231594850545523
-6.894969022224066;-1.4692449875188878
-6.222149262099762;2.3288539138773032
-7.104025467470329;6.307966423600728
-3.2154441752668586;4.782085608289128
-4.709713943409943;-4.3898487013623075
7.2722442497267235;1.7673334824173548
-0.7458192709456597;0.06324603985903465
-7.366535645327019;7.0128819029996965
1.2446341413934388;-3.59217095421703
-2.4401438798395816;-6.078372165919291
1.298618600566364;7.956934822681655
4.06462548985834;2.523710220261309
-2.0890146218501577;-4.050056496455872
-6.268529894207049;1.9999466451382482
-6.446574753123542;0.8687151988903086
5.536331975365352;-1.379231887459385
-4.641249194507596;2.4458567339904445
-1.978030743420197;1.751905306809551
3.435723177002707;6.0608758733384605
6.043203571567339;2.4063941971179617
0.21346619884550044;7.840020008066089
-6.63894376827497;6.807072277571232
5.865201525184993;-4.052449072617662
1.0121982874238675;4.360252240686501
-0.7479224652977781;4.607294490885883
-6.277554808270198;3.1577871677569274
-5.247557108879617;0.084425091281922
-0.982715091304069;6.330827694535932
-0.4529668697880762;7.651707111197942
-7.950509641811415;-1.0998531913089717
-4.998006564892421;-1.1240767384149581
-0.020059161439833773;-0.6807731958288219
6.583255972551431;4.65460339154486
-5.8758064761300215;-0.9044157173827809
-1.4001213479961034;1.7997389940116673
-7.81788444032148;4.115180733918116
0.975388064034215;-4.12678447554419
-0.9664952247224985;-2.9215798894091076
-0.6157607837479517;6.262507900384971
-0.37441132326746107;1.3135935198959672
-0.06870059184467969;-4.261717162701455
3.331305499904996;-4.882575919279343
5.791763682097944;-0.3694578474114092
3.297041322913916;-3.8344322016414054
7.234410530445588;3.3078796032235296
6.422702637713973;1.2559369934091595
-6.041367114678854;1.3415302276361682
4.141273925639936;-2.509714304749073
-6.5111476755745965;-4.252743800965627
6.107816518966562;6.925715222860266
-7.998893600547138;-3.514103786679506
7.806030702099841;5.756683523294491
2.4345097511702374;-4.139955883133213
5.027638554813782;-7.223171392771796
7.1393447459278185;-7.109778448553216
-4.644542373743086;0.3680490767669813
4.296202088677543;-3.3336245019070994
4.8140795196246025;7.725297263844034
-5.188676346535042;1.1923741849460967
-5.095625994169408;7.813177804755835
6.059631475143757;-5.302982686782059
-5.943096724526688;-7.419490415748619
-5.873407558865955;-0.5114340312805119
-3.324569568540582;3.9024508065286803
7.5493493412904975;-5.122480902260817
4.6907319210511815;7.629965210417099
6.115969137977867;-4.120229323320002
-5.04011047313819;-6.978269004933749
-2.925364241388266;-6.3798559162293405
2.8019313874608187;1.0070868561365671
3.92032632298357;-3.1605080002967814
6.272746452254072;5.929465884161164
-4.434835476907558;-6.5737401114215945
5.7355731669029275;5.837486618659801
3.7853051159136477;-6.286945434666155
3.5848793581640077;2.4623210319596875
-2.504425491895349;3.664148894927189
7.624831524296196;-0.26775878947672105
-1.9940801219175004;-0.8090098643086439
6.6298509248969;0.5694642542257249
-2.9166245043427317;7.839284986582477
7.853324237519045;2.707599693992554
-5.8193442980423455;7.081973158880928
-1.099326161205136;5.434282970823837
6.24812168249362;3.055396316327034
2.3717818676958107;6.481149993812517
5.734676829418557;-1.8824590346300951
5.4124077014538035;2.7332630392851396
-5.683342884576158;-6.972085072172922
2.5858006106965075;7.190244705311699
-3.008215957464479;6.668446486240189
3.4536848592519913;4.937647021370321
-5.952180511407569;-2.126981642673499
6.988689253483765;-3.2609886910856005
2.8197842972773177;7.268342341288834
2.446387575591146;5.268742163051456
-4.188007163190743;-5.276548499778174
7.1957024923322255;-2.2703155954648757
2.688374465781205;-2.2324542616937144
-0.41282803395452383;1.144833481809247
-3.4850527916357183;3.801216484759955
-5.249246829554249;0.5666233534119556
0.5815711486166801;-6.41630379406751
-5.789226361556132;0.6751002720060431
-0.7274238358792058;1.7704277129693597
5.438926370205779;-3.4254061001247713
-1.4797753426160956;0.3803556495422722
6.231594404033874;0.7767053283244838
5.244791317456404;-4.612464251111955
7.778752097771022;-3.2614734931287437
-3.359516806645347;5.162949726587916
4.600393255453719;-6.680306053596235
-1.6294690574312085;-2.1038821991391554
-7.760653026541391;-0.5906271045246907
-7.090477438663314;7.372712203938974
-0.06583995544010435;-7.855631584385282
-4.259790828172266;-7.977421929043569
1.1080985266792354;-4.894307530089115
2.670755527237654;3.372975214547388
1.6570386518371496;6.348395767882854
-4.390402001308745;-6.154303289367569
-5.171795814581502;6.433956346575423
-1.3400611885748503;-0.4505688021697889
-5.276081539777689;7.075959227181885
-1.3536479862262674;-5.242791097821707
-3.3619143040495896;-2.47216360141139
-6.165490854559261;-1.2812667463549658
7.984445947481241;3.9077019432149935
-2.12394621149018;7.11430476582845
-3.994557681534788;0.35880385568152917
-6.334368502608013;-0.37548800501730284
-7.088857426769428;2.838291144280449
5.031728462015602;5.330168248316221
7.0377973854779405;2.700212459704904
6.958936667253555;-5.394262792583776
5.443637581791252;-3.370522819752125
1.9695765588750813;1.5501159358337944
3.5127711032581406;-0.34272619822974804
1.878878182349899;2.0850343631358967
-1.1449796001903394;1.1699361443825715
3.7828629476622755;-4.91780270636553
0.78345940933146;6.147298753783957
-2.4403043041521286;-3.1391764612691233
-3.041782440576446;-2.1628989573974735
7.014598848289925;7.25856754887281
5.89334020190735;2.040029363525278
-2.4034090183938783;-5.533627298341951
-2.3480169363267738;-3.085869181666725
-4.829909429152206;-5.86282901635548
-6.8054117745217475;5.869887794300084
7.316767250949805;-3.5553384404077217
-0.9240951526745373;-2.879715972952038
4.349090471082594;-2.8235723565032362
3.928985804895172;-6.580763137923821
-0.33966481451913566;-0.11995684653093974
-5.592641411732263;-7.507628479357409
-4.7897233728311015;-6.3749615844643515
5.23096551901668;-2.430961817752223
2.034633235856427;2.614034000075904
7.918757324043515;4.6713918745377985
-1.003005833273587;-4.857699521443049
-4.893226251117136;4.374241505252149
-7.4619263435490115;0.035872041347962735
-6.70097468105244;7.706708519950665
-0.9425930726820599;-0.49392732012650953
6.476096248609613;-6.090683018312353
5.02231797123466;7.234422380079639
6.85179726911109;2.9907527084748793
-3.449960699111843;-4.839104288530958
-6.1164456431528205;-4.953254550777313
-0.49598755404981;5.151360734398253
-0.8342066096069161;1.9659605052677325
-0.5368702692908229;7.982536637839059
-4.801029420300878;-3.164279911689194
-7.91801229938622;-7.474216912749439
3.150130718440421;-4.576858131135696
5.856771292020852;-2.354536779042535
-5.728335252198514;0.7339790975593026
-2.276756099055781;-0.18573773708562946
-0.12986419385308956;6.402011037522039
4.184388457747376;6.724754049243037
-0.6639170643104357;-6.901071245413643
5.819068746703408;-2.382093075674984
-6.664743654325456;0.1514100260857827
1.3261279900332141;7.667692982298755
-7.085910210375152;3.0164782292444112
-1.091814003802563;1.4106231659877633
-2.767908884459418;3.958653975499267
-2.244011792142553;-2.0489533079828792
2.4209686878545167;5.960009815694132
0.7703778210364636;-2.5164233684028705
-7.828176711295717;7.50436338949299
0.5376429861275245;6.71704881070551
-4.7182552256882335;-1.429168745317046
4.052829327573955;1.741336701534923
5.519457131374654;1.849552776206309
6.650978986560714;-4.984201813447076
-7.290764460091204;-2.5362162913184676
4.591996958367085;2.983814777987277
1.80095494161311;-2.3398854324485097
-5.731288777610997;4.266825789714034
0.537597399177292;5.471302528817629
3.8175062009540124;-4.197892302352418
2.2053507157991703;-1.322176123154195
-4.90531016295429;4.07518595488172
3.4466034684709363;1.013890405963357
-4.036189349531698;6.801745023711016
5.911988869320986;7.389279761266611
-5.157777105772752;6.388104425495484
-5.334154518700087;5.118239012268944
2.4821289085675424;-1.3044123514988275
2.6389093265469867;1.1786504889611162
5.664388682740478;2.637285254002677
-4.3167777705223696;4.847723237813579
2.6941102736982003;-2.7944972657563785
3.7509789419509865;1.3546999367352104
-4.647169999145664;6.019126292439507
1.3440242474912907;-7.5284719718614195
-2.8689208395027297;0.8208945282395828
-6.294817643532367;6.357467540913104
-5.436637444120297;7.833959720551201
0.9103086589514291;-0.4633820995453686
0.5060002800404213;-6.128212567774311
-6.637382923473556;4.495137145890618
-1.6502847684858892;6.206215746720911
-1.5043467200196226;2.080397720671934
-0.7025762263714768;-5.492415468359274
0.6355459538075827;6.534413667270201
2.4604751246377816;4.46069911660847
3.375161916648393;-2.7343447491078674
-4.815234509267691;-3.279954140160349
-2.9707707289288017;-2.1129911620285995
1.39379202703312;-2.050825660560154
7.034305808735436;0.21398676133510008
0.5719770729480818;6.441958152884814
-2.7492050122169776;1.7774890937721022
0.3461760995939809;0.2885157169007009
0.674414701891406;4.78191314744244
0.9015317792205053;1.920281873990433
-4.942773116764787;3.3444189750642543
-0.10537031622878423;0.5178780659854638
5.533672679179148;-2.7528570120071603
-7.5778353898601996;-2.0445645847994047
5.068628226245519;-1.5690526914968288
-7.563325267031207;-2.1375565177656437
-3.539312001848776;5.547889989362192
-4.346304957551526;-2.2115121802332176
-3.8783974666652234;-1.7975291793954398
-6.608320735626643;0.1259637968684526
-7.13329748150281;5.447507955684566
-4.452810652535259;0.45396608925594606
7.7912571792179435;-7.600910763103268
4.5948920514732166;5.203167753338347
-2.6119694547002847;-3.1803114921152194
0.6788785618080375;-7.67615325720662
3.8482331320901775;6.243838951507492
2.1560675662538884;-1.6982152651893188
-3.956955125522292;-5.964859179995482
